name,id,url
Trevor Bailer,958791,https://www.psychologytoday.com/us/therapists/new-jersey/958791
Donna L Davidson,339567,https://www.psychologytoday.com/us/therapists/new-jersey/339567
Wayne M Magee Jr,182729,https://www.psychologytoday.com/us/therapists/new-jersey/182729
Positive Mind Counseling and Therapeutic Services,849727,https://www.psychologytoday.com/us/therapists/new-jersey/849727
Arline Shaffer,79550,https://www.psychologytoday.com/us/therapists/new-jersey/79550
Kathleen Buzzone Brooks,430453,https://www.psychologytoday.com/us/therapists/new-jersey/430453
Jay Paul Granat,46785,https://www.psychologytoday.com/us/therapists/new-jersey/46785
Julia Little,922938,https://www.psychologytoday.com/us/therapists/new-jersey/922938
Andrew Green,151287,https://www.psychologytoday.com/us/therapists/new-jersey/151287
Bonnie Grossman,317800,https://www.psychologytoday.com/us/therapists/new-jersey/317800
Healing on Hudson LLC,454478,https://www.psychologytoday.com/us/therapists/new-jersey/454478
Resolution Counseling Center,757601,https://www.psychologytoday.com/us/therapists/new-jersey/757601
Stress Less Counseling LLC,282454,https://www.psychologytoday.com/us/therapists/new-jersey/282454
Elizabeth Hernandez,954251,https://www.psychologytoday.com/us/therapists/new-jersey/954251
Sarah J. DeVries,465776,https://www.psychologytoday.com/us/therapists/new-jersey/465776
Jennifer Dunzelman,828922,https://www.psychologytoday.com/us/therapists/new-jersey/828922
Mommyhood Deconstructed - Parenting Classes,957242,https://www.psychologytoday.com/us/therapists/new-jersey/957242
Phoenix Counseling Center,961048,https://www.psychologytoday.com/us/therapists/new-jersey/961048
"Mindful Counseling Center, LLC",405799,https://www.psychologytoday.com/us/therapists/new-jersey/405799
The Center for Wellness Solutions,930011,https://www.psychologytoday.com/us/therapists/new-jersey/930011
Katharine Elizabeth Donnelly,462337,https://www.psychologytoday.com/us/therapists/new-jersey/462337
Nicole Kangley,488286,https://www.psychologytoday.com/us/therapists/new-jersey/488286
Sari Wyckoff,897255,https://www.psychologytoday.com/us/therapists/new-jersey/897255
Cassandra Edouard,952957,https://www.psychologytoday.com/us/therapists/new-jersey/952957
E. Richard Holm,53071,https://www.psychologytoday.com/us/therapists/new-jersey/53071
Lisa Cordasco,790482,https://www.psychologytoday.com/us/therapists/new-jersey/790482
Dr. Cara Church,327394,https://www.psychologytoday.com/us/therapists/new-jersey/327394
Denise Wirth,728458,https://www.psychologytoday.com/us/therapists/new-jersey/728458
Mary Renshaw,964506,https://www.psychologytoday.com/us/therapists/new-jersey/964506
Chana Frumet Yaroslawitz,706294,https://www.psychologytoday.com/us/therapists/new-jersey/706294
Susan A Fishlock,188305,https://www.psychologytoday.com/us/therapists/new-jersey/188305
Judyann McCarthy,902303,https://www.psychologytoday.com/us/therapists/new-jersey/902303
Joy & Success LLC,358625,https://www.psychologytoday.com/us/therapists/new-jersey/358625
Ronni Garcia,196778,https://www.psychologytoday.com/us/therapists/new-jersey/196778
Raquel Scullari,134825,https://www.psychologytoday.com/us/therapists/new-jersey/134825
Joseph Skunca,315590,https://www.psychologytoday.com/us/therapists/new-jersey/315590
Anne Chaya Danziger,912166,https://www.psychologytoday.com/us/therapists/new-jersey/912166
Ted Rostiac,321234,https://www.psychologytoday.com/us/therapists/new-jersey/321234
Stephanie Arrington,922464,https://www.psychologytoday.com/us/therapists/new-jersey/922464
Jane C Collaso,44299,https://www.psychologytoday.com/us/therapists/new-jersey/44299
Anastasia Romano,492984,https://www.psychologytoday.com/us/therapists/new-jersey/492984
Kari Marie Heinze,774135,https://www.psychologytoday.com/us/therapists/new-jersey/774135
Genevieve Pere,48888,https://www.psychologytoday.com/us/therapists/new-jersey/48888
About Relationships,281499,https://www.psychologytoday.com/us/therapists/new-jersey/281499
Caitlin Archibald,380182,https://www.psychologytoday.com/us/therapists/new-jersey/380182
Chani Getter,795905,https://www.psychologytoday.com/us/therapists/new-jersey/795905
"Healing Through The Arts, LLC",300580,https://www.psychologytoday.com/us/therapists/new-jersey/300580
Geraldine Lucignano,303137,https://www.psychologytoday.com/us/therapists/new-jersey/303137
Susan M Bisaha,92972,https://www.psychologytoday.com/us/therapists/new-jersey/92972
Anthony Michael Martini,175376,https://www.psychologytoday.com/us/therapists/new-jersey/175376
Marcie Korman Handler,85517,https://www.psychologytoday.com/us/therapists/new-jersey/85517
Leland Newman,922031,https://www.psychologytoday.com/us/therapists/new-jersey/922031
Kathleen G Bishop,172064,https://www.psychologytoday.com/us/therapists/new-jersey/172064
"Richa Sikka-The Therapy Spot NJ, LLC",336331,https://www.psychologytoday.com/us/therapists/new-jersey/336331
Judith Kottick,61834,https://www.psychologytoday.com/us/therapists/new-jersey/61834
Dr. Mark Lyall LLC,203739,https://www.psychologytoday.com/us/therapists/new-jersey/203739
Roland P. Romano,76998,https://www.psychologytoday.com/us/therapists/new-jersey/76998
Coleen Markey,299761,https://www.psychologytoday.com/us/therapists/new-jersey/299761
Kevin Collery,433364,https://www.psychologytoday.com/us/therapists/new-jersey/433364
Donna German Klein,151226,https://www.psychologytoday.com/us/therapists/new-jersey/151226
Gila LoBue,900276,https://www.psychologytoday.com/us/therapists/new-jersey/900276
"Maggie Hollinbeck, Brainspotting Therapist",762335,https://www.psychologytoday.com/us/therapists/new-jersey/762335
John Buscaglia,106248,https://www.psychologytoday.com/us/therapists/new-jersey/106248
Meghan Quinlan-Ilich,887402,https://www.psychologytoday.com/us/therapists/new-jersey/887402
Kenneth M Kasian,951065,https://www.psychologytoday.com/us/therapists/new-jersey/951065
Madeline Muise,57884,https://www.psychologytoday.com/us/therapists/new-jersey/57884
David M Zimmer,719253,https://www.psychologytoday.com/us/therapists/new-jersey/719253
Rebecca A Sears,325876,https://www.psychologytoday.com/us/therapists/new-jersey/325876
Sabrina L. Coppola,208238,https://www.psychologytoday.com/us/therapists/new-jersey/208238
"The New Center for Counseling and Psychotherapy,",94400,https://www.psychologytoday.com/us/therapists/new-jersey/94400
Living on Purpose,885128,https://www.psychologytoday.com/us/therapists/new-jersey/885128
Linda P. Lotano,844000,https://www.psychologytoday.com/us/therapists/new-jersey/844000
Laura Dispenzere,762846,https://www.psychologytoday.com/us/therapists/new-jersey/762846
Taylor Pickrell,956106,https://www.psychologytoday.com/us/therapists/new-jersey/956106
Jackie Bowe,927136,https://www.psychologytoday.com/us/therapists/new-jersey/927136
Bradford Douglas Krill,98786,https://www.psychologytoday.com/us/therapists/new-jersey/98786
Alandra Russ,950571,https://www.psychologytoday.com/us/therapists/new-jersey/950571
Cheryl M. Manfredi Lcsw-R,58445,https://www.psychologytoday.com/us/therapists/new-jersey/58445
Amy Benedetti-Ashlock,490685,https://www.psychologytoday.com/us/therapists/new-jersey/490685
Stephanie Haymaker,39966,https://www.psychologytoday.com/us/therapists/new-jersey/39966
"Paola Peters Psychotherapy, LLC",331747,https://www.psychologytoday.com/us/therapists/new-jersey/331747
Suzanne Calgi,116939,https://www.psychologytoday.com/us/therapists/new-jersey/116939
Chartier Therapy Group,131576,https://www.psychologytoday.com/us/therapists/new-jersey/131576
Maureen Schafer,380984,https://www.psychologytoday.com/us/therapists/new-jersey/380984
"Howard Craig Cutler, LCSW, NCPsyA",348957,https://www.psychologytoday.com/us/therapists/new-jersey/348957
Tracy Pawlukanis,459155,https://www.psychologytoday.com/us/therapists/new-jersey/459155
Jacqueline Marie Gallios,376776,https://www.psychologytoday.com/us/therapists/new-jersey/376776
Life Balance Counseling Services,441796,https://www.psychologytoday.com/us/therapists/new-jersey/441796
Carol F Oliver,323627,https://www.psychologytoday.com/us/therapists/new-jersey/323627
Dawn M. McDonald,173047,https://www.psychologytoday.com/us/therapists/new-jersey/173047
Eben Loewenthal,94285,https://www.psychologytoday.com/us/therapists/new-jersey/94285
Felicia Etuke,181847,https://www.psychologytoday.com/us/therapists/new-jersey/181847
Mj Lovett,454618,https://www.psychologytoday.com/us/therapists/new-jersey/454618
Annette Provencher,321550,https://www.psychologytoday.com/us/therapists/new-jersey/321550
Yeraldin Sanchez,938589,https://www.psychologytoday.com/us/therapists/new-jersey/938589
Lynne Einhorn,832059,https://www.psychologytoday.com/us/therapists/new-jersey/832059
Matthew Williams,151468,https://www.psychologytoday.com/us/therapists/new-jersey/151468
Stress and Anxiety Services of NJ,68162,https://www.psychologytoday.com/us/therapists/new-jersey/68162
Lisa Ra,733463,https://www.psychologytoday.com/us/therapists/new-jersey/733463
Tara McDonough,964031,https://www.psychologytoday.com/us/therapists/new-jersey/964031
Holly Aschoff,427680,https://www.psychologytoday.com/us/therapists/new-jersey/427680
Kristin Marcin,303159,https://www.psychologytoday.com/us/therapists/new-jersey/303159
Charles B Greene,804649,https://www.psychologytoday.com/us/therapists/new-jersey/804649
Sheera Margolies,42428,https://www.psychologytoday.com/us/therapists/new-jersey/42428
Rosalind Pagliano,169559,https://www.psychologytoday.com/us/therapists/new-jersey/169559
Kate Bachus Ware,79740,https://www.psychologytoday.com/us/therapists/new-jersey/79740
Courtney Donner,923950,https://www.psychologytoday.com/us/therapists/new-jersey/923950
Marie A Baez,824168,https://www.psychologytoday.com/us/therapists/new-jersey/824168
Jodi Martino,896405,https://www.psychologytoday.com/us/therapists/new-jersey/896405
José A. Hevia,203876,https://www.psychologytoday.com/us/therapists/new-jersey/203876
Stephanie Cruthirds,406482,https://www.psychologytoday.com/us/therapists/new-jersey/406482
Lauren Tenenbaum (Guided Path Counseling),818661,https://www.psychologytoday.com/us/therapists/new-jersey/818661
Cherokee Cabell,907163,https://www.psychologytoday.com/us/therapists/new-jersey/907163
Amy B Brecher,811321,https://www.psychologytoday.com/us/therapists/new-jersey/811321
Kirsten Brannen,260475,https://www.psychologytoday.com/us/therapists/new-jersey/260475
Jesse Glassman,284832,https://www.psychologytoday.com/us/therapists/new-jersey/284832
Cheryl Ann Notari,42531,https://www.psychologytoday.com/us/therapists/new-jersey/42531
Brett Sheldon,472086,https://www.psychologytoday.com/us/therapists/new-jersey/472086
Ruth Goldsmith,46018,https://www.psychologytoday.com/us/therapists/new-jersey/46018
Kenneth Silvestri,100108,https://www.psychologytoday.com/us/therapists/new-jersey/100108
Lori J Tonti,94211,https://www.psychologytoday.com/us/therapists/new-jersey/94211
Chelsea Mazzara,842253,https://www.psychologytoday.com/us/therapists/new-jersey/842253
Andrea M Caudle,74984,https://www.psychologytoday.com/us/therapists/new-jersey/74984
Patrice Holness,830598,https://www.psychologytoday.com/us/therapists/new-jersey/830598
Kathleen Cecielia Bartosh,794151,https://www.psychologytoday.com/us/therapists/new-jersey/794151
Janice Leventhal Rosenman,359842,https://www.psychologytoday.com/us/therapists/new-jersey/359842
Kelsey E Wetmore,750304,https://www.psychologytoday.com/us/therapists/new-jersey/750304
Nancy Schongalla-Bowman,747381,https://www.psychologytoday.com/us/therapists/new-jersey/747381
Jennifer Ferrari,923942,https://www.psychologytoday.com/us/therapists/new-jersey/923942
Maria Elena Misito,47944,https://www.psychologytoday.com/us/therapists/new-jersey/47944
Cynthia Williams,953887,https://www.psychologytoday.com/us/therapists/new-jersey/953887
Erin Bennington,308071,https://www.psychologytoday.com/us/therapists/new-jersey/308071
Adrian Oxman,456016,https://www.psychologytoday.com/us/therapists/new-jersey/456016
Aaliyah Joy Jones,897163,https://www.psychologytoday.com/us/therapists/new-jersey/897163
Marni Leigh Greenwald-Schwartz,433473,https://www.psychologytoday.com/us/therapists/new-jersey/433473
"RSL Counseling and Coaching, LLC",252584,https://www.psychologytoday.com/us/therapists/new-jersey/252584
Marsha N. Shapiro,97434,https://www.psychologytoday.com/us/therapists/new-jersey/97434
AGCC - Mark Amoroso-Indivdual therapy,366232,https://www.psychologytoday.com/us/therapists/new-jersey/366232
Reena Panchal,359536,https://www.psychologytoday.com/us/therapists/new-jersey/359536
Glenda Mendelsohn,87255,https://www.psychologytoday.com/us/therapists/new-jersey/87255
"Kathleen Griffin, M.A., L.P.C.",22133,https://www.psychologytoday.com/us/therapists/new-jersey/22133
Allan Westreich,105878,https://www.psychologytoday.com/us/therapists/new-jersey/105878
Nicholas Leon,958921,https://www.psychologytoday.com/us/therapists/new-jersey/958921
Denise M Bott,417484,https://www.psychologytoday.com/us/therapists/new-jersey/417484
KCB Counseling LLC,958515,https://www.psychologytoday.com/us/therapists/new-jersey/958515
Jacqueline Soboti,230340,https://www.psychologytoday.com/us/therapists/new-jersey/230340
Lauren Rogers-Sirin,490020,https://www.psychologytoday.com/us/therapists/new-jersey/490020
Alaine Robertson-Ali,953984,https://www.psychologytoday.com/us/therapists/new-jersey/953984
David D. Schuh,389660,https://www.psychologytoday.com/us/therapists/new-jersey/389660
Allison J Schaeffler,384897,https://www.psychologytoday.com/us/therapists/new-jersey/384897
Mending Families Together,885644,https://www.psychologytoday.com/us/therapists/new-jersey/885644
Phil Smyth,803889,https://www.psychologytoday.com/us/therapists/new-jersey/803889
Amy Giarratana,884450,https://www.psychologytoday.com/us/therapists/new-jersey/884450
Julianna Calleo,961746,https://www.psychologytoday.com/us/therapists/new-jersey/961746
Avita Integrative Care LLC.,350121,https://www.psychologytoday.com/us/therapists/new-jersey/350121
New Motive Hypnosis,269250,https://www.psychologytoday.com/us/therapists/new-jersey/269250
Jessica Brum,856209,https://www.psychologytoday.com/us/therapists/new-jersey/856209
Allyce M Baron,287039,https://www.psychologytoday.com/us/therapists/new-jersey/287039
Brett Peppe,739552,https://www.psychologytoday.com/us/therapists/new-jersey/739552
Christina Kiel,116036,https://www.psychologytoday.com/us/therapists/new-jersey/116036
Generations of Change,382293,https://www.psychologytoday.com/us/therapists/new-jersey/382293
Keryn M. Shane,793481,https://www.psychologytoday.com/us/therapists/new-jersey/793481
Outreach,405022,https://www.psychologytoday.com/us/therapists/new-jersey/405022
Keren Cohen,431593,https://www.psychologytoday.com/us/therapists/new-jersey/431593
Lorraine Durrett,236424,https://www.psychologytoday.com/us/therapists/new-jersey/236424
Holistic Healing and Wellness LLC,894879,https://www.psychologytoday.com/us/therapists/new-jersey/894879
Danielle Heller,37698,https://www.psychologytoday.com/us/therapists/new-jersey/37698
Jeffrey Weisslitz,906328,https://www.psychologytoday.com/us/therapists/new-jersey/906328
Catherine M Eager,904244,https://www.psychologytoday.com/us/therapists/new-jersey/904244
Philip Yucht,68416,https://www.psychologytoday.com/us/therapists/new-jersey/68416
Jude M. Uy,336166,https://www.psychologytoday.com/us/therapists/new-jersey/336166
Melanie Rushnock,316280,https://www.psychologytoday.com/us/therapists/new-jersey/316280
"New Horizons Psychological Services, LLC.",207251,https://www.psychologytoday.com/us/therapists/new-jersey/207251
Mindful Soul Center for Wellbeing,271614,https://www.psychologytoday.com/us/therapists/new-jersey/271614
Toms River Center for Marriage and Family Therapy,197503,https://www.psychologytoday.com/us/therapists/new-jersey/197503
Helen Tam,443886,https://www.psychologytoday.com/us/therapists/new-jersey/443886
Kinga Lewinski,923745,https://www.psychologytoday.com/us/therapists/new-jersey/923745
David Aichroth LLC,277906,https://www.psychologytoday.com/us/therapists/new-jersey/277906
Bonnie Black,787959,https://www.psychologytoday.com/us/therapists/new-jersey/787959
Wei-Ting Lu,899767,https://www.psychologytoday.com/us/therapists/new-jersey/899767
Dr Sandra M Feldman,89358,https://www.psychologytoday.com/us/therapists/new-jersey/89358
Gwen Schneider-Johnsen,88051,https://www.psychologytoday.com/us/therapists/new-jersey/88051
Sharlene DeMartini-Guth,343943,https://www.psychologytoday.com/us/therapists/new-jersey/343943
Mark C Still,209238,https://www.psychologytoday.com/us/therapists/new-jersey/209238
Hawa Koroma,964705,https://www.psychologytoday.com/us/therapists/new-jersey/964705
Solution-Focused Counseling for Teens & Adults,432226,https://www.psychologytoday.com/us/therapists/new-jersey/432226
Nelson Counseling L.L.C,266188,https://www.psychologytoday.com/us/therapists/new-jersey/266188
Sarah West,899141,https://www.psychologytoday.com/us/therapists/new-jersey/899141
Laura Quinn,715405,https://www.psychologytoday.com/us/therapists/new-jersey/715405
Adam Torrisi,918527,https://www.psychologytoday.com/us/therapists/new-jersey/918527
Kristine Schwartz,229085,https://www.psychologytoday.com/us/therapists/new-jersey/229085
Courtney Scheflen Cohen,838282,https://www.psychologytoday.com/us/therapists/new-jersey/838282
Eve Schott Taub,477634,https://www.psychologytoday.com/us/therapists/new-jersey/477634
Taryn Buffolino,732763,https://www.psychologytoday.com/us/therapists/new-jersey/732763
Randi Gelfand,834593,https://www.psychologytoday.com/us/therapists/new-jersey/834593
Nina Williams,83170,https://www.psychologytoday.com/us/therapists/new-jersey/83170
New Jersey Institute For Neurofeedback,85504,https://www.psychologytoday.com/us/therapists/new-jersey/85504
Lisa Wolf,309094,https://www.psychologytoday.com/us/therapists/new-jersey/309094
"Dr. Michele LaCouture, LLC",137867,https://www.psychologytoday.com/us/therapists/new-jersey/137867
Robert R Colantuono,807872,https://www.psychologytoday.com/us/therapists/new-jersey/807872
Morry Altabef,133143,https://www.psychologytoday.com/us/therapists/new-jersey/133143
Chad Renshaw,925261,https://www.psychologytoday.com/us/therapists/new-jersey/925261
Glenda Beschen LPC,208168,https://www.psychologytoday.com/us/therapists/new-jersey/208168
Jennifer K Millard,345615,https://www.psychologytoday.com/us/therapists/new-jersey/345615
Jess Barrows,812843,https://www.psychologytoday.com/us/therapists/new-jersey/812843
Michelle Leyman,290902,https://www.psychologytoday.com/us/therapists/new-jersey/290902
Michele Levin,329690,https://www.psychologytoday.com/us/therapists/new-jersey/329690
Tanglewood Therapy,805596,https://www.psychologytoday.com/us/therapists/new-jersey/805596
Kara Zlotnick,134062,https://www.psychologytoday.com/us/therapists/new-jersey/134062
Angela Gonnella,474103,https://www.psychologytoday.com/us/therapists/new-jersey/474103
Carrie May Price-Knospe,269941,https://www.psychologytoday.com/us/therapists/new-jersey/269941
Alandra Russ,950513,https://www.psychologytoday.com/us/therapists/new-jersey/950513
Elizabeth Flores - Telehealth Services Available,489470,https://www.psychologytoday.com/us/therapists/new-jersey/489470
Chelsea Saks,940154,https://www.psychologytoday.com/us/therapists/new-jersey/940154
Lynn Corey,168045,https://www.psychologytoday.com/us/therapists/new-jersey/168045
Madelyn Petrow-Cohen,57727,https://www.psychologytoday.com/us/therapists/new-jersey/57727
Online Therapist,366980,https://www.psychologytoday.com/us/therapists/new-jersey/366980
Kim Groves,432134,https://www.psychologytoday.com/us/therapists/new-jersey/432134
Dennis Mikkelsen,121189,https://www.psychologytoday.com/us/therapists/new-jersey/121189
Jennifer L Mounty,199869,https://www.psychologytoday.com/us/therapists/new-jersey/199869
Shannon Nardi,923311,https://www.psychologytoday.com/us/therapists/new-jersey/923311
Margaret Pipchick,72904,https://www.psychologytoday.com/us/therapists/new-jersey/72904
Steven M Bielarski,142866,https://www.psychologytoday.com/us/therapists/new-jersey/142866
Internal Affairs Child & Family Therapy Center,168680,https://www.psychologytoday.com/us/therapists/new-jersey/168680
Marie Bruno-Mayel,447101,https://www.psychologytoday.com/us/therapists/new-jersey/447101
Sarah McNamara,295565,https://www.psychologytoday.com/us/therapists/new-jersey/295565
Samantha Campanella,886158,https://www.psychologytoday.com/us/therapists/new-jersey/886158
Emily Dean,846568,https://www.psychologytoday.com/us/therapists/new-jersey/846568
Gretchen MacBryde,192249,https://www.psychologytoday.com/us/therapists/new-jersey/192249
Paulette Moore Hines,170457,https://www.psychologytoday.com/us/therapists/new-jersey/170457
Debra Chatman-Finley,32200,https://www.psychologytoday.com/us/therapists/new-jersey/32200
Joey Drucker,837305,https://www.psychologytoday.com/us/therapists/new-jersey/837305
Pam LeGall,207658,https://www.psychologytoday.com/us/therapists/new-jersey/207658
Robyn Giordano,941006,https://www.psychologytoday.com/us/therapists/new-jersey/941006
Lara Dubowchik,366184,https://www.psychologytoday.com/us/therapists/new-jersey/366184
Anna Ogle,838628,https://www.psychologytoday.com/us/therapists/new-jersey/838628
Samantha Kosty,908732,https://www.psychologytoday.com/us/therapists/new-jersey/908732
Susan P. Fenker,771467,https://www.psychologytoday.com/us/therapists/new-jersey/771467
Robert Misurell,126693,https://www.psychologytoday.com/us/therapists/new-jersey/126693
Genki Coaching LLC,722304,https://www.psychologytoday.com/us/therapists/new-jersey/722304
Mark H Seglin,306279,https://www.psychologytoday.com/us/therapists/new-jersey/306279
Lucille B. Amato,299122,https://www.psychologytoday.com/us/therapists/new-jersey/299122
Elizabeth Krawiec,951786,https://www.psychologytoday.com/us/therapists/new-jersey/951786
Kathleen Paone,873985,https://www.psychologytoday.com/us/therapists/new-jersey/873985
Morgan Crease,932775,https://www.psychologytoday.com/us/therapists/new-jersey/932775
Carter S Townsend,174332,https://www.psychologytoday.com/us/therapists/new-jersey/174332
Michael P. Lepak,96851,https://www.psychologytoday.com/us/therapists/new-jersey/96851
Counseling by the Sea,375312,https://www.psychologytoday.com/us/therapists/new-jersey/375312
Lillian Babcock,413587,https://www.psychologytoday.com/us/therapists/new-jersey/413587
Lara Yeager,791586,https://www.psychologytoday.com/us/therapists/new-jersey/791586
Alexandra Morris,706178,https://www.psychologytoday.com/us/therapists/new-jersey/706178
Charlette Mikulka,35504,https://www.psychologytoday.com/us/therapists/new-jersey/35504
Hawa Koroma,951703,https://www.psychologytoday.com/us/therapists/new-jersey/951703
Rosalyn Liebhober,166429,https://www.psychologytoday.com/us/therapists/new-jersey/166429
Marie De Acetis,881123,https://www.psychologytoday.com/us/therapists/new-jersey/881123
Melissa Emily Dropkin,234125,https://www.psychologytoday.com/us/therapists/new-jersey/234125
Maria Sanders Parent Coach,457207,https://www.psychologytoday.com/us/therapists/new-jersey/457207
Daisy Rimli,374792,https://www.psychologytoday.com/us/therapists/new-jersey/374792
Erica Harris,700728,https://www.psychologytoday.com/us/therapists/new-jersey/700728
Erica Zaklin,123116,https://www.psychologytoday.com/us/therapists/new-jersey/123116
Erica Zaklin,123116,https://www.psychologytoday.com/us/therapists/new-jersey/123116
Angela Wilkos,384016,https://www.psychologytoday.com/us/therapists/new-jersey/384016
Lee Ann O'Leary,418773,https://www.psychologytoday.com/us/therapists/new-jersey/418773
Lynne Lyon,154019,https://www.psychologytoday.com/us/therapists/new-jersey/154019
Ashleigh Natter,420755,https://www.psychologytoday.com/us/therapists/new-jersey/420755
Gina Rudolph,445665,https://www.psychologytoday.com/us/therapists/new-jersey/445665
Jessica DiGiacomo,486892,https://www.psychologytoday.com/us/therapists/new-jersey/486892
Jeff Savlov,125911,https://www.psychologytoday.com/us/therapists/new-jersey/125911
Courtney Donner,958904,https://www.psychologytoday.com/us/therapists/new-jersey/958904
Trinay Thomas,247372,https://www.psychologytoday.com/us/therapists/new-jersey/247372
Michael S Fingerman,449166,https://www.psychologytoday.com/us/therapists/new-jersey/449166
Carol Rothstein,75245,https://www.psychologytoday.com/us/therapists/new-jersey/75245
Susanne Mars,58484,https://www.psychologytoday.com/us/therapists/new-jersey/58484
Michelin Aboukasm,412623,https://www.psychologytoday.com/us/therapists/new-jersey/412623
Walters Psychological,356214,https://www.psychologytoday.com/us/therapists/new-jersey/356214
Elizabeth Gavlick,911007,https://www.psychologytoday.com/us/therapists/new-jersey/911007
Norma Brecker,319105,https://www.psychologytoday.com/us/therapists/new-jersey/319105
Michelle Halle,247478,https://www.psychologytoday.com/us/therapists/new-jersey/247478
Miriam A Burt,217915,https://www.psychologytoday.com/us/therapists/new-jersey/217915
"The Psych Center, Berlin",441026,https://www.psychologytoday.com/us/therapists/new-jersey/441026
Eileen M Keegan,114938,https://www.psychologytoday.com/us/therapists/new-jersey/114938
Donna Ciccone,750085,https://www.psychologytoday.com/us/therapists/new-jersey/750085
Kelly Schuller,493109,https://www.psychologytoday.com/us/therapists/new-jersey/493109
Sonora Ann Foster,196061,https://www.psychologytoday.com/us/therapists/new-jersey/196061
Edward H Callaghan,897942,https://www.psychologytoday.com/us/therapists/new-jersey/897942
Caaron Willinger,98110,https://www.psychologytoday.com/us/therapists/new-jersey/98110
Beth Spiegel Sonnenberg,49580,https://www.psychologytoday.com/us/therapists/new-jersey/49580
Flowers In The Snow Counseling,906136,https://www.psychologytoday.com/us/therapists/new-jersey/906136
Louisa Latela,40636,https://www.psychologytoday.com/us/therapists/new-jersey/40636
Angela Lawrence,771091,https://www.psychologytoday.com/us/therapists/new-jersey/771091
Deanna Wilpert,409722,https://www.psychologytoday.com/us/therapists/new-jersey/409722
Leidy Quispe,386703,https://www.psychologytoday.com/us/therapists/new-jersey/386703
Dr. Stephen J. Oreski & Associates,75022,https://www.psychologytoday.com/us/therapists/new-jersey/75022
Lundrigan Counseling and Psychological Services,118016,https://www.psychologytoday.com/us/therapists/new-jersey/118016
Tracey Post,141478,https://www.psychologytoday.com/us/therapists/new-jersey/141478
Emmy McBride,227088,https://www.psychologytoday.com/us/therapists/new-jersey/227088
Lellah Gbahn,895332,https://www.psychologytoday.com/us/therapists/new-jersey/895332
Carol G Quick,112368,https://www.psychologytoday.com/us/therapists/new-jersey/112368
Jacqueline Gill Pucci,270257,https://www.psychologytoday.com/us/therapists/new-jersey/270257
Leah Kremer,105101,https://www.psychologytoday.com/us/therapists/new-jersey/105101
Angela M Lynch,289858,https://www.psychologytoday.com/us/therapists/new-jersey/289858
Sue Waldman,71343,https://www.psychologytoday.com/us/therapists/new-jersey/71343
Nancy Abramson,91183,https://www.psychologytoday.com/us/therapists/new-jersey/91183
Margaret O Wilson - Pearson,352074,https://www.psychologytoday.com/us/therapists/new-jersey/352074
Jason Suleski,894536,https://www.psychologytoday.com/us/therapists/new-jersey/894536
Emotional Healing LLC,436112,https://www.psychologytoday.com/us/therapists/new-jersey/436112
Kelly Richman,910409,https://www.psychologytoday.com/us/therapists/new-jersey/910409
Janet Piedilato,752913,https://www.psychologytoday.com/us/therapists/new-jersey/752913
"3Q's & Hart Counseling, LLC",394901,https://www.psychologytoday.com/us/therapists/new-jersey/394901
G. Marc Ackerman,346934,https://www.psychologytoday.com/us/therapists/new-jersey/346934
Peaceful Minds Psychotherapy LLC,864035,https://www.psychologytoday.com/us/therapists/new-jersey/864035
Stephanie Leigh Landwehr,804045,https://www.psychologytoday.com/us/therapists/new-jersey/804045
Seventh Heaven Counseling Services LLC,754951,https://www.psychologytoday.com/us/therapists/new-jersey/754951
Sandra R Yarock,167717,https://www.psychologytoday.com/us/therapists/new-jersey/167717
Yisroel Schor,913027,https://www.psychologytoday.com/us/therapists/new-jersey/913027
Salony Setya,371369,https://www.psychologytoday.com/us/therapists/new-jersey/371369
Theresa M. Pedernera,387580,https://www.psychologytoday.com/us/therapists/new-jersey/387580
Olivia Martinez,849929,https://www.psychologytoday.com/us/therapists/new-jersey/849929
Couples Therapy: Resolution Counseling Ctr,457867,https://www.psychologytoday.com/us/therapists/new-jersey/457867
Deborah Chiumento,220174,https://www.psychologytoday.com/us/therapists/new-jersey/220174
Deborah Chiumento,220174,https://www.psychologytoday.com/us/therapists/new-jersey/220174
Kate Memoli,184339,https://www.psychologytoday.com/us/therapists/new-jersey/184339
Arlene M. Munoz,952585,https://www.psychologytoday.com/us/therapists/new-jersey/952585
"Engage Counseling, LLC",202867,https://www.psychologytoday.com/us/therapists/new-jersey/202867
Michele Natoli Natoli,116519,https://www.psychologytoday.com/us/therapists/new-jersey/116519
Karen Ognibene,315696,https://www.psychologytoday.com/us/therapists/new-jersey/315696
Jenny Beasley,871668,https://www.psychologytoday.com/us/therapists/new-jersey/871668
Elissa Rozov,59975,https://www.psychologytoday.com/us/therapists/new-jersey/59975
Michele K. Netter,324330,https://www.psychologytoday.com/us/therapists/new-jersey/324330
Megan Shane,888655,https://www.psychologytoday.com/us/therapists/new-jersey/888655
Gale Alwill,454027,https://www.psychologytoday.com/us/therapists/new-jersey/454027
Michelle Francisco,940850,https://www.psychologytoday.com/us/therapists/new-jersey/940850
Shlomit Mona Yerushalmi,256883,https://www.psychologytoday.com/us/therapists/new-jersey/256883
The Thrive Network,802735,https://www.psychologytoday.com/us/therapists/new-jersey/802735
Diana Chacon,348884,https://www.psychologytoday.com/us/therapists/new-jersey/348884
Pam Karmazsin,197203,https://www.psychologytoday.com/us/therapists/new-jersey/197203
Stacey Mason,849002,https://www.psychologytoday.com/us/therapists/new-jersey/849002
Kerry O'Connor,837775,https://www.psychologytoday.com/us/therapists/new-jersey/837775
Maria P. Cosentino,66896,https://www.psychologytoday.com/us/therapists/new-jersey/66896
Kimberly Leibovitz,807488,https://www.psychologytoday.com/us/therapists/new-jersey/807488
Cassandra Edouard,965446,https://www.psychologytoday.com/us/therapists/new-jersey/965446
Pathways Neuropsychology Associates,324154,https://www.psychologytoday.com/us/therapists/new-jersey/324154
Sharon Scharf,914372,https://www.psychologytoday.com/us/therapists/new-jersey/914372
Tim S VanderGast,441301,https://www.psychologytoday.com/us/therapists/new-jersey/441301
"Philip C Morse, PhD",327199,https://www.psychologytoday.com/us/therapists/new-jersey/327199
Alina Mikhaylova,899861,https://www.psychologytoday.com/us/therapists/new-jersey/899861
Project Restoration Christian Counseling,439444,https://www.psychologytoday.com/us/therapists/new-jersey/439444
Janet Chiorello-Ellis,344064,https://www.psychologytoday.com/us/therapists/new-jersey/344064
Michele M Roth,148057,https://www.psychologytoday.com/us/therapists/new-jersey/148057
Desiree Adkins,254614,https://www.psychologytoday.com/us/therapists/new-jersey/254614
Shelley M. Doyle,102799,https://www.psychologytoday.com/us/therapists/new-jersey/102799
Dana Kaspereen,47686,https://www.psychologytoday.com/us/therapists/new-jersey/47686
Laura Kearney,740948,https://www.psychologytoday.com/us/therapists/new-jersey/740948
Elizabeth Karlinski,309434,https://www.psychologytoday.com/us/therapists/new-jersey/309434
Raheela Hussain,903288,https://www.psychologytoday.com/us/therapists/new-jersey/903288
Van Reipen Counseling and Psychological Services,346116,https://www.psychologytoday.com/us/therapists/new-jersey/346116
Institute for Peace and Transformative Healing,890729,https://www.psychologytoday.com/us/therapists/new-jersey/890729
Brittany Bur,334849,https://www.psychologytoday.com/us/therapists/new-jersey/334849
Angela Colva,60660,https://www.psychologytoday.com/us/therapists/new-jersey/60660
Kendra Haluska,114437,https://www.psychologytoday.com/us/therapists/new-jersey/114437
Carol A Boyer,128114,https://www.psychologytoday.com/us/therapists/new-jersey/128114
Michelle Pichardo,921242,https://www.psychologytoday.com/us/therapists/new-jersey/921242
Karen E Cutaneo,53595,https://www.psychologytoday.com/us/therapists/new-jersey/53595
Caitlin Scott,964721,https://www.psychologytoday.com/us/therapists/new-jersey/964721
Compete: Mental Performance Training,162600,https://www.psychologytoday.com/us/therapists/new-jersey/162600
Nicole Peniston,790699,https://www.psychologytoday.com/us/therapists/new-jersey/790699
Christina Walters,258430,https://www.psychologytoday.com/us/therapists/new-jersey/258430
Jennifer L Bame,740726,https://www.psychologytoday.com/us/therapists/new-jersey/740726
Melissa Audige-Perkins,965896,https://www.psychologytoday.com/us/therapists/new-jersey/965896
Kerry Lea Fleming,205176,https://www.psychologytoday.com/us/therapists/new-jersey/205176
Kara E King,816570,https://www.psychologytoday.com/us/therapists/new-jersey/816570
Steve Bisgaier,476932,https://www.psychologytoday.com/us/therapists/new-jersey/476932
Megan Furnish,58424,https://www.psychologytoday.com/us/therapists/new-jersey/58424
Melissa Arena,912708,https://www.psychologytoday.com/us/therapists/new-jersey/912708
"Jeanmarie Maroney Chang, LCSW",385408,https://www.psychologytoday.com/us/therapists/new-jersey/385408
Robert Vandertoorn,958850,https://www.psychologytoday.com/us/therapists/new-jersey/958850
Jill Worrall,714072,https://www.psychologytoday.com/us/therapists/new-jersey/714072
Jessica Verdicchio,245759,https://www.psychologytoday.com/us/therapists/new-jersey/245759
William Linden,21980,https://www.psychologytoday.com/us/therapists/new-jersey/21980
"Chece Psychological, LLC",208486,https://www.psychologytoday.com/us/therapists/new-jersey/208486
"Chece Psychological, LLC",208486,https://www.psychologytoday.com/us/therapists/new-jersey/208486
Jennifer England,931405,https://www.psychologytoday.com/us/therapists/new-jersey/931405
"O'Leary Counseling, LLC",143313,https://www.psychologytoday.com/us/therapists/new-jersey/143313
Shemsi Prinzivalli,76565,https://www.psychologytoday.com/us/therapists/new-jersey/76565
Christina Guarino,417044,https://www.psychologytoday.com/us/therapists/new-jersey/417044
Shira Schaktman,79292,https://www.psychologytoday.com/us/therapists/new-jersey/79292
Nancy A. Scott,208095,https://www.psychologytoday.com/us/therapists/new-jersey/208095
Francesca Peckman,75802,https://www.psychologytoday.com/us/therapists/new-jersey/75802
Karen J Lazar,59742,https://www.psychologytoday.com/us/therapists/new-jersey/59742
Kimberly Goodhartz,768033,https://www.psychologytoday.com/us/therapists/new-jersey/768033
Carter Joseph Cloyd,191881,https://www.psychologytoday.com/us/therapists/new-jersey/191881
Bassie Gugenheim,229684,https://www.psychologytoday.com/us/therapists/new-jersey/229684
Carrie Balesterri,784760,https://www.psychologytoday.com/us/therapists/new-jersey/784760
Laurie Schwartzer,149979,https://www.psychologytoday.com/us/therapists/new-jersey/149979
"Linda O. Sofer, LCSW",146225,https://www.psychologytoday.com/us/therapists/new-jersey/146225
Daphne Shalita,729498,https://www.psychologytoday.com/us/therapists/new-jersey/729498
Octavia Minter,934634,https://www.psychologytoday.com/us/therapists/new-jersey/934634
Carly Scanlon,954950,https://www.psychologytoday.com/us/therapists/new-jersey/954950
Kinga Lewinski,880004,https://www.psychologytoday.com/us/therapists/new-jersey/880004
Michele Kaczmarek,142425,https://www.psychologytoday.com/us/therapists/new-jersey/142425
Pamela J Pater-Ennis,215017,https://www.psychologytoday.com/us/therapists/new-jersey/215017
Phil Lane,471234,https://www.psychologytoday.com/us/therapists/new-jersey/471234
Shirley Court Gonzalez,32237,https://www.psychologytoday.com/us/therapists/new-jersey/32237
"Mariam Rothfritz, Ph.D. and Associates",95632,https://www.psychologytoday.com/us/therapists/new-jersey/95632
Neil A Glassman,193048,https://www.psychologytoday.com/us/therapists/new-jersey/193048
Joanne Cuomo,205754,https://www.psychologytoday.com/us/therapists/new-jersey/205754
Michelle Badger Lpc,206227,https://www.psychologytoday.com/us/therapists/new-jersey/206227
Heather Bliss,136832,https://www.psychologytoday.com/us/therapists/new-jersey/136832
Adam Baumwoll,227746,https://www.psychologytoday.com/us/therapists/new-jersey/227746
Sarah Beth Woldoff,301485,https://www.psychologytoday.com/us/therapists/new-jersey/301485
Erin Scott,792362,https://www.psychologytoday.com/us/therapists/new-jersey/792362
Debbie S Frank,38701,https://www.psychologytoday.com/us/therapists/new-jersey/38701
Kristina Artimova,396653,https://www.psychologytoday.com/us/therapists/new-jersey/396653
Mallory LaCorte,950958,https://www.psychologytoday.com/us/therapists/new-jersey/950958
Tamara Rosenberg,725819,https://www.psychologytoday.com/us/therapists/new-jersey/725819
Rebecca Pennington,723895,https://www.psychologytoday.com/us/therapists/new-jersey/723895
Lorraine Gehrig Mullins,937626,https://www.psychologytoday.com/us/therapists/new-jersey/937626
Ronald G Silikovitz,35381,https://www.psychologytoday.com/us/therapists/new-jersey/35381
Dr. Inna Matov,73038,https://www.psychologytoday.com/us/therapists/new-jersey/73038
Belinda Amatekpor,732480,https://www.psychologytoday.com/us/therapists/new-jersey/732480
Madeline PaskeBaulig,119803,https://www.psychologytoday.com/us/therapists/new-jersey/119803
Patrice Hegel,91519,https://www.psychologytoday.com/us/therapists/new-jersey/91519
Melissa Badia,432337,https://www.psychologytoday.com/us/therapists/new-jersey/432337
Rosa Zenquis-McKoy LLC,760719,https://www.psychologytoday.com/us/therapists/new-jersey/760719
Daniella Angello,70089,https://www.psychologytoday.com/us/therapists/new-jersey/70089
"Arthur Dash, LCSW",256148,https://www.psychologytoday.com/us/therapists/new-jersey/256148
Danielle Harte LCSW,230403,https://www.psychologytoday.com/us/therapists/new-jersey/230403
Lorenzo S Brown,918546,https://www.psychologytoday.com/us/therapists/new-jersey/918546
Real Talk NJ LLC,905327,https://www.psychologytoday.com/us/therapists/new-jersey/905327
Kazuko Nagafuchi,890519,https://www.psychologytoday.com/us/therapists/new-jersey/890519
Courtney Donner,964365,https://www.psychologytoday.com/us/therapists/new-jersey/964365
Brendan Graziano,918234,https://www.psychologytoday.com/us/therapists/new-jersey/918234
Julie L Franklin,399864,https://www.psychologytoday.com/us/therapists/new-jersey/399864
Claire R Brown,786945,https://www.psychologytoday.com/us/therapists/new-jersey/786945
Eileen A Epstein,82758,https://www.psychologytoday.com/us/therapists/new-jersey/82758
Lisa Blazek Luisi,853727,https://www.psychologytoday.com/us/therapists/new-jersey/853727
Megan Breeman,866427,https://www.psychologytoday.com/us/therapists/new-jersey/866427
Andrea Reinhardt,943146,https://www.psychologytoday.com/us/therapists/new-jersey/943146
"""Sex Addiction""-Sexual Misbehavior Absolute Expert",925623,https://www.psychologytoday.com/us/therapists/new-jersey/925623
Energy 360 Mental Health Services,959947,https://www.psychologytoday.com/us/therapists/new-jersey/959947
Molly Weigel,270520,https://www.psychologytoday.com/us/therapists/new-jersey/270520
William Christiana,905349,https://www.psychologytoday.com/us/therapists/new-jersey/905349
Matthew Kobza,958817,https://www.psychologytoday.com/us/therapists/new-jersey/958817
Gary C Ward,476390,https://www.psychologytoday.com/us/therapists/new-jersey/476390
Robert Watts,79220,https://www.psychologytoday.com/us/therapists/new-jersey/79220
Ronnie P Stern,480023,https://www.psychologytoday.com/us/therapists/new-jersey/480023
Ruth Churak,90196,https://www.psychologytoday.com/us/therapists/new-jersey/90196
Robyn Reeves,804345,https://www.psychologytoday.com/us/therapists/new-jersey/804345
Laurie Leinwand,55701,https://www.psychologytoday.com/us/therapists/new-jersey/55701
Holly Richmond,443927,https://www.psychologytoday.com/us/therapists/new-jersey/443927
Kathleen Silver,737029,https://www.psychologytoday.com/us/therapists/new-jersey/737029
Integrative Therapy Institute of NJ,327702,https://www.psychologytoday.com/us/therapists/new-jersey/327702
Jimmy Passe,278564,https://www.psychologytoday.com/us/therapists/new-jersey/278564
Erica C Lander Miller,143597,https://www.psychologytoday.com/us/therapists/new-jersey/143597
Annemarie Cristino,165486,https://www.psychologytoday.com/us/therapists/new-jersey/165486
Lori Aks Rosenberg,82143,https://www.psychologytoday.com/us/therapists/new-jersey/82143
Nicole Locorriere,470356,https://www.psychologytoday.com/us/therapists/new-jersey/470356
Antonia Strothers,907332,https://www.psychologytoday.com/us/therapists/new-jersey/907332
Anna Lisk,956243,https://www.psychologytoday.com/us/therapists/new-jersey/956243
"Grace Doctorow, LCSW, BCD, LLC",79435,https://www.psychologytoday.com/us/therapists/new-jersey/79435
Sherri G Harris,178663,https://www.psychologytoday.com/us/therapists/new-jersey/178663
Kirsten Adams,252977,https://www.psychologytoday.com/us/therapists/new-jersey/252977
Patricia Dunn,148159,https://www.psychologytoday.com/us/therapists/new-jersey/148159
Joyce M Woll,85407,https://www.psychologytoday.com/us/therapists/new-jersey/85407
Theresa Cook,827734,https://www.psychologytoday.com/us/therapists/new-jersey/827734
Modern Therapy,442661,https://www.psychologytoday.com/us/therapists/new-jersey/442661
Donna H McGee,60516,https://www.psychologytoday.com/us/therapists/new-jersey/60516
Donna Philibosian,268128,https://www.psychologytoday.com/us/therapists/new-jersey/268128
Mara Zotta,95242,https://www.psychologytoday.com/us/therapists/new-jersey/95242
Lisa Lattarulo,871739,https://www.psychologytoday.com/us/therapists/new-jersey/871739
"A Peace of Mind and Heart Counseling Services, LLC",895507,https://www.psychologytoday.com/us/therapists/new-jersey/895507
Barbara Rexer,957770,https://www.psychologytoday.com/us/therapists/new-jersey/957770
Sandra Trzanowski,225575,https://www.psychologytoday.com/us/therapists/new-jersey/225575
John Paul Turner,780018,https://www.psychologytoday.com/us/therapists/new-jersey/780018
Tony Vega,494830,https://www.psychologytoday.com/us/therapists/new-jersey/494830
Dina Morley,412674,https://www.psychologytoday.com/us/therapists/new-jersey/412674
Laura M Cabral Fink,128567,https://www.psychologytoday.com/us/therapists/new-jersey/128567
Féideartha Hypno-Practice LLC,125173,https://www.psychologytoday.com/us/therapists/new-jersey/125173
Melissa Pirnos,286601,https://www.psychologytoday.com/us/therapists/new-jersey/286601
Abraham Davis,73968,https://www.psychologytoday.com/us/therapists/new-jersey/73968
Abraham Davis,73968,https://www.psychologytoday.com/us/therapists/new-jersey/73968
Robert William Baur,961082,https://www.psychologytoday.com/us/therapists/new-jersey/961082
Andrea Egert,120227,https://www.psychologytoday.com/us/therapists/new-jersey/120227
Steve Siebelts,948248,https://www.psychologytoday.com/us/therapists/new-jersey/948248
Ayana N. DaSilva,150154,https://www.psychologytoday.com/us/therapists/new-jersey/150154
Eileen Jason,700078,https://www.psychologytoday.com/us/therapists/new-jersey/700078
Laine Happel,427877,https://www.psychologytoday.com/us/therapists/new-jersey/427877
"Maggie A Ryan, LLC",800343,https://www.psychologytoday.com/us/therapists/new-jersey/800343
"Stress to Success, Inc.",333909,https://www.psychologytoday.com/us/therapists/new-jersey/333909
"HBH Counseling, LLC",177184,https://www.psychologytoday.com/us/therapists/new-jersey/177184
Richard Smith,965493,https://www.psychologytoday.com/us/therapists/new-jersey/965493
John Badger,952647,https://www.psychologytoday.com/us/therapists/new-jersey/952647
Sheila Kaminski,159819,https://www.psychologytoday.com/us/therapists/new-jersey/159819
Paul Harris,929289,https://www.psychologytoday.com/us/therapists/new-jersey/929289
Ellie Muska,80488,https://www.psychologytoday.com/us/therapists/new-jersey/80488
Beatris Ortiz-Drace,821022,https://www.psychologytoday.com/us/therapists/new-jersey/821022
Rachel Gentry,446426,https://www.psychologytoday.com/us/therapists/new-jersey/446426
Lisa Picciuti,418714,https://www.psychologytoday.com/us/therapists/new-jersey/418714
Lisa A Shohen,372395,https://www.psychologytoday.com/us/therapists/new-jersey/372395
Universal Progressive Therapy,346275,https://www.psychologytoday.com/us/therapists/new-jersey/346275
Noel Hiers,907094,https://www.psychologytoday.com/us/therapists/new-jersey/907094
Kelly Ciardiello,808748,https://www.psychologytoday.com/us/therapists/new-jersey/808748
Kristy Lauricella,827978,https://www.psychologytoday.com/us/therapists/new-jersey/827978
"Danielle Brown, Empower and Thrive Counseling",861133,https://www.psychologytoday.com/us/therapists/new-jersey/861133
"Confidentialistener, LLC",220703,https://www.psychologytoday.com/us/therapists/new-jersey/220703
Samantha Landi,261189,https://www.psychologytoday.com/us/therapists/new-jersey/261189
Manuela V Correia-Guerra,331221,https://www.psychologytoday.com/us/therapists/new-jersey/331221
Melissa Appleby,955572,https://www.psychologytoday.com/us/therapists/new-jersey/955572
Elizabeth Hernandez,923989,https://www.psychologytoday.com/us/therapists/new-jersey/923989
Samantha Lutz,72400,https://www.psychologytoday.com/us/therapists/new-jersey/72400
Daphne Alroy-Thiberge,438585,https://www.psychologytoday.com/us/therapists/new-jersey/438585
Steven Myers,158467,https://www.psychologytoday.com/us/therapists/new-jersey/158467
Soul Stir LLC,915692,https://www.psychologytoday.com/us/therapists/new-jersey/915692
Nicole Owenburg,964576,https://www.psychologytoday.com/us/therapists/new-jersey/964576
James Wadley,74020,https://www.psychologytoday.com/us/therapists/new-jersey/74020
Kelly Willis,951832,https://www.psychologytoday.com/us/therapists/new-jersey/951832
Phyllis Kopit,39910,https://www.psychologytoday.com/us/therapists/new-jersey/39910
Murphy Counseling & Consulting LLC,380908,https://www.psychologytoday.com/us/therapists/new-jersey/380908
Jamie Bierig-Jacobs,903999,https://www.psychologytoday.com/us/therapists/new-jersey/903999
Lauren Yael Mayefsky,196884,https://www.psychologytoday.com/us/therapists/new-jersey/196884
Lauren Yael Mayefsky,196884,https://www.psychologytoday.com/us/therapists/new-jersey/196884
Carol E Cashin,705380,https://www.psychologytoday.com/us/therapists/new-jersey/705380
Barbara Zonitch,83346,https://www.psychologytoday.com/us/therapists/new-jersey/83346
"Mindful Assessments & Psychological Services, LLC",159325,https://www.psychologytoday.com/us/therapists/new-jersey/159325
Matthew Samuels,486253,https://www.psychologytoday.com/us/therapists/new-jersey/486253
Miele Psychological Services,416135,https://www.psychologytoday.com/us/therapists/new-jersey/416135
Danielle Helder,702172,https://www.psychologytoday.com/us/therapists/new-jersey/702172
Toni Mendillo,903303,https://www.psychologytoday.com/us/therapists/new-jersey/903303
Mary Lorraine (Lorri) Graham,312067,https://www.psychologytoday.com/us/therapists/new-jersey/312067
Lara Maurino Donahue,114905,https://www.psychologytoday.com/us/therapists/new-jersey/114905
Eric Finn,381669,https://www.psychologytoday.com/us/therapists/new-jersey/381669
Specialized Therapy Associates,193635,https://www.psychologytoday.com/us/therapists/new-jersey/193635
Alex Wieselman,130963,https://www.psychologytoday.com/us/therapists/new-jersey/130963
Richard Smith,958276,https://www.psychologytoday.com/us/therapists/new-jersey/958276
Julia Figuccio,960245,https://www.psychologytoday.com/us/therapists/new-jersey/960245
Dr. Barbara J Headley,363866,https://www.psychologytoday.com/us/therapists/new-jersey/363866
Julie DiMatteo,821809,https://www.psychologytoday.com/us/therapists/new-jersey/821809
Natalie Kraft,886450,https://www.psychologytoday.com/us/therapists/new-jersey/886450
Elina Malamud,755490,https://www.psychologytoday.com/us/therapists/new-jersey/755490
"Donna Amundson, LCSW",328126,https://www.psychologytoday.com/us/therapists/new-jersey/328126
Samantha Saffioti,844213,https://www.psychologytoday.com/us/therapists/new-jersey/844213
Alyssa Scolari,761028,https://www.psychologytoday.com/us/therapists/new-jersey/761028
Christie Cerrato,40854,https://www.psychologytoday.com/us/therapists/new-jersey/40854
Hawa Koroma,937235,https://www.psychologytoday.com/us/therapists/new-jersey/937235
Marisa D. McGuire,800813,https://www.psychologytoday.com/us/therapists/new-jersey/800813
Evelyn Quintana,86479,https://www.psychologytoday.com/us/therapists/new-jersey/86479
Alyssa Jimenez,750528,https://www.psychologytoday.com/us/therapists/new-jersey/750528
David Aichroth LLC,293067,https://www.psychologytoday.com/us/therapists/new-jersey/293067
Rob Jaskiewicz,43504,https://www.psychologytoday.com/us/therapists/new-jersey/43504
Victoria Latini,964458,https://www.psychologytoday.com/us/therapists/new-jersey/964458
Peter Golboro,383180,https://www.psychologytoday.com/us/therapists/new-jersey/383180
Janice Stewart Dugan PH.D.,73977,https://www.psychologytoday.com/us/therapists/new-jersey/73977
Shimon Frankel LCSW,437635,https://www.psychologytoday.com/us/therapists/new-jersey/437635
Sandi Fields,259706,https://www.psychologytoday.com/us/therapists/new-jersey/259706
Pascale Augustin,257448,https://www.psychologytoday.com/us/therapists/new-jersey/257448
Carol Hyman,429942,https://www.psychologytoday.com/us/therapists/new-jersey/429942
Gina Zippo-Mazur,733262,https://www.psychologytoday.com/us/therapists/new-jersey/733262
"Denise Lauria Venitelli, LCSW",327607,https://www.psychologytoday.com/us/therapists/new-jersey/327607
"Joseph A. DeMeyer, PhD, PC & Associates",123666,https://www.psychologytoday.com/us/therapists/new-jersey/123666
Jessica Mankowski,906297,https://www.psychologytoday.com/us/therapists/new-jersey/906297
Laurel Colombo,911331,https://www.psychologytoday.com/us/therapists/new-jersey/911331
Rebecca Fornaro,741488,https://www.psychologytoday.com/us/therapists/new-jersey/741488
Maria Richman,910696,https://www.psychologytoday.com/us/therapists/new-jersey/910696
Jessica Ring,363614,https://www.psychologytoday.com/us/therapists/new-jersey/363614
Gerri Dierking,409730,https://www.psychologytoday.com/us/therapists/new-jersey/409730
Dana Ehrentreu,959685,https://www.psychologytoday.com/us/therapists/new-jersey/959685
Roots at Crossroads Counseling LLC,963803,https://www.psychologytoday.com/us/therapists/new-jersey/963803
Michal Goldberg,290739,https://www.psychologytoday.com/us/therapists/new-jersey/290739
Shannon Pavas,937222,https://www.psychologytoday.com/us/therapists/new-jersey/937222
Julie K Steinberg,54014,https://www.psychologytoday.com/us/therapists/new-jersey/54014
Charles Graff,842832,https://www.psychologytoday.com/us/therapists/new-jersey/842832
Chrissie Rowe,755542,https://www.psychologytoday.com/us/therapists/new-jersey/755542
Monica Trivino,306256,https://www.psychologytoday.com/us/therapists/new-jersey/306256
Martin Paul Kaplowitz,242917,https://www.psychologytoday.com/us/therapists/new-jersey/242917
Tiffany Joy Hebron,954461,https://www.psychologytoday.com/us/therapists/new-jersey/954461
"Valerie McMillen, LCSW, LLC",207610,https://www.psychologytoday.com/us/therapists/new-jersey/207610
Amy Coleman,816376,https://www.psychologytoday.com/us/therapists/new-jersey/816376
Christine Tranchina,384183,https://www.psychologytoday.com/us/therapists/new-jersey/384183
Stephanie DiCandia,717265,https://www.psychologytoday.com/us/therapists/new-jersey/717265
"Better Therapy, LLC",889013,https://www.psychologytoday.com/us/therapists/new-jersey/889013
"Better Therapy, LLC",889013,https://www.psychologytoday.com/us/therapists/new-jersey/889013
JSF Professional Counseling Services,236604,https://www.psychologytoday.com/us/therapists/new-jersey/236604
Melissa D. South,389657,https://www.psychologytoday.com/us/therapists/new-jersey/389657
Kristin Kuehner Ravo,87872,https://www.psychologytoday.com/us/therapists/new-jersey/87872
Robyn Giordano,955554,https://www.psychologytoday.com/us/therapists/new-jersey/955554
"Isha George, LCSW",396997,https://www.psychologytoday.com/us/therapists/new-jersey/396997
Tracity Gordon James,921682,https://www.psychologytoday.com/us/therapists/new-jersey/921682
Lori A Heberley,921424,https://www.psychologytoday.com/us/therapists/new-jersey/921424
Integrative Therapy Institute of NJ,876195,https://www.psychologytoday.com/us/therapists/new-jersey/876195
Theresa Cook Reyes,862008,https://www.psychologytoday.com/us/therapists/new-jersey/862008
Ryan S Thurwachter-King,913696,https://www.psychologytoday.com/us/therapists/new-jersey/913696
Karla Boertzel,765610,https://www.psychologytoday.com/us/therapists/new-jersey/765610
Guy J Iacono,767476,https://www.psychologytoday.com/us/therapists/new-jersey/767476
Gail D Rosen,52354,https://www.psychologytoday.com/us/therapists/new-jersey/52354
Frances A Vadas,201984,https://www.psychologytoday.com/us/therapists/new-jersey/201984
Tracy Trattner,225858,https://www.psychologytoday.com/us/therapists/new-jersey/225858
Robynn Young,965618,https://www.psychologytoday.com/us/therapists/new-jersey/965618
Insight Psychological Group,417811,https://www.psychologytoday.com/us/therapists/new-jersey/417811
Elaina Quiles,877538,https://www.psychologytoday.com/us/therapists/new-jersey/877538
Stuart Lynd,923925,https://www.psychologytoday.com/us/therapists/new-jersey/923925
Joan Framo Runfola,39427,https://www.psychologytoday.com/us/therapists/new-jersey/39427
Nikki Nguyen,375221,https://www.psychologytoday.com/us/therapists/new-jersey/375221
Family Healing Center,361871,https://www.psychologytoday.com/us/therapists/new-jersey/361871
Marie Angela Bates,773511,https://www.psychologytoday.com/us/therapists/new-jersey/773511
Chalyce Glover,483788,https://www.psychologytoday.com/us/therapists/new-jersey/483788
Nicholas Leon,911052,https://www.psychologytoday.com/us/therapists/new-jersey/911052
Terry Larkin,93224,https://www.psychologytoday.com/us/therapists/new-jersey/93224
Nancy Martin,148824,https://www.psychologytoday.com/us/therapists/new-jersey/148824
Nadia Qureshi,704892,https://www.psychologytoday.com/us/therapists/new-jersey/704892
Jessica Semioli,896014,https://www.psychologytoday.com/us/therapists/new-jersey/896014
Charlene Gordon,878389,https://www.psychologytoday.com/us/therapists/new-jersey/878389
Debra Yeager,114941,https://www.psychologytoday.com/us/therapists/new-jersey/114941
Wilmarie Rios,944066,https://www.psychologytoday.com/us/therapists/new-jersey/944066
Tara McDonough,912499,https://www.psychologytoday.com/us/therapists/new-jersey/912499
John R Soper Jr.,193688,https://www.psychologytoday.com/us/therapists/new-jersey/193688
Leslie Zindulka,308305,https://www.psychologytoday.com/us/therapists/new-jersey/308305
Rosina M Ciocca,54988,https://www.psychologytoday.com/us/therapists/new-jersey/54988
Maisha Smith,958136,https://www.psychologytoday.com/us/therapists/new-jersey/958136
Yael Wedeck,230079,https://www.psychologytoday.com/us/therapists/new-jersey/230079
Kari Lynn Costello,311522,https://www.psychologytoday.com/us/therapists/new-jersey/311522
Michelle Martino,725163,https://www.psychologytoday.com/us/therapists/new-jersey/725163
Ashley Garbie,834141,https://www.psychologytoday.com/us/therapists/new-jersey/834141
Jennifer Hopkins,477480,https://www.psychologytoday.com/us/therapists/new-jersey/477480
Therapy Ventures LLC,353814,https://www.psychologytoday.com/us/therapists/new-jersey/353814
The Healing Den,786149,https://www.psychologytoday.com/us/therapists/new-jersey/786149
Balanced Therapy Solutions LLC,422767,https://www.psychologytoday.com/us/therapists/new-jersey/422767
Jennifer L Hilligus,104560,https://www.psychologytoday.com/us/therapists/new-jersey/104560
Kristy M. Lavin,157343,https://www.psychologytoday.com/us/therapists/new-jersey/157343
Andrea Elrom,712763,https://www.psychologytoday.com/us/therapists/new-jersey/712763
Eliana Redlich,926857,https://www.psychologytoday.com/us/therapists/new-jersey/926857
The Horizon Care Center,209599,https://www.psychologytoday.com/us/therapists/new-jersey/209599
Carmen Lynn Hodges,793585,https://www.psychologytoday.com/us/therapists/new-jersey/793585
Tiffany Joy Hebron,951488,https://www.psychologytoday.com/us/therapists/new-jersey/951488
James J DeSantis,452941,https://www.psychologytoday.com/us/therapists/new-jersey/452941
Rhonda Greenberg,283142,https://www.psychologytoday.com/us/therapists/new-jersey/283142
Anxiety & OCD Treatment Center of Princeton,419454,https://www.psychologytoday.com/us/therapists/new-jersey/419454
Angel Windham,458312,https://www.psychologytoday.com/us/therapists/new-jersey/458312
AnnaMarie Resnikoff,69572,https://www.psychologytoday.com/us/therapists/new-jersey/69572
Saby Cevallos,385029,https://www.psychologytoday.com/us/therapists/new-jersey/385029
Center for Purposeful Aging/Sarah Hiller-Bersson,766657,https://www.psychologytoday.com/us/therapists/new-jersey/766657
Center for Purposeful Aging/Sarah Hiller-Bersson,766657,https://www.psychologytoday.com/us/therapists/new-jersey/766657
Rebecca Austin,953490,https://www.psychologytoday.com/us/therapists/new-jersey/953490
Pathways Neuropsychology Associates,749279,https://www.psychologytoday.com/us/therapists/new-jersey/749279
Leo Hudzik,121017,https://www.psychologytoday.com/us/therapists/new-jersey/121017
Living Well Counseling Center,332271,https://www.psychologytoday.com/us/therapists/new-jersey/332271
Elizabeth Mac Ewen Lcsw LLC,338063,https://www.psychologytoday.com/us/therapists/new-jersey/338063
Lauren Spodak,254167,https://www.psychologytoday.com/us/therapists/new-jersey/254167
David N Panzer,123159,https://www.psychologytoday.com/us/therapists/new-jersey/123159
Jayne C Barrett,132539,https://www.psychologytoday.com/us/therapists/new-jersey/132539
Barbara Hanna,944953,https://www.psychologytoday.com/us/therapists/new-jersey/944953
Michael C Kenney,117038,https://www.psychologytoday.com/us/therapists/new-jersey/117038
Kelsey Bisson,825944,https://www.psychologytoday.com/us/therapists/new-jersey/825944
Jackie Konrad,169566,https://www.psychologytoday.com/us/therapists/new-jersey/169566
David B White,754663,https://www.psychologytoday.com/us/therapists/new-jersey/754663
Cathy Noblick,28659,https://www.psychologytoday.com/us/therapists/new-jersey/28659
LeTishia Little,934360,https://www.psychologytoday.com/us/therapists/new-jersey/934360
Lurlene Holder,187536,https://www.psychologytoday.com/us/therapists/new-jersey/187536
Amy Salmon Kasten,95793,https://www.psychologytoday.com/us/therapists/new-jersey/95793
Frank L Greenagel,958041,https://www.psychologytoday.com/us/therapists/new-jersey/958041
Compassionate and Caring Counseling Center,196617,https://www.psychologytoday.com/us/therapists/new-jersey/196617
Jillian Arend,924977,https://www.psychologytoday.com/us/therapists/new-jersey/924977
Jennifer Brea,451781,https://www.psychologytoday.com/us/therapists/new-jersey/451781
Melissa Kramer,395895,https://www.psychologytoday.com/us/therapists/new-jersey/395895
Jennifer Sampson,116177,https://www.psychologytoday.com/us/therapists/new-jersey/116177
John B Mahoney,422041,https://www.psychologytoday.com/us/therapists/new-jersey/422041
Ashwini Mokashi,761174,https://www.psychologytoday.com/us/therapists/new-jersey/761174
Irena L Moore,425488,https://www.psychologytoday.com/us/therapists/new-jersey/425488
Justine A Asante,358831,https://www.psychologytoday.com/us/therapists/new-jersey/358831
Tobia Del Giudice,195542,https://www.psychologytoday.com/us/therapists/new-jersey/195542
Leslie F Small,114733,https://www.psychologytoday.com/us/therapists/new-jersey/114733
Colts Neck Consulting Group,72160,https://www.psychologytoday.com/us/therapists/new-jersey/72160
Derrick Alloway,137281,https://www.psychologytoday.com/us/therapists/new-jersey/137281
Cynthia Radnitz,71294,https://www.psychologytoday.com/us/therapists/new-jersey/71294
Jonathan H. Mack,34201,https://www.psychologytoday.com/us/therapists/new-jersey/34201
Marissa Giuliano,706635,https://www.psychologytoday.com/us/therapists/new-jersey/706635
Cherilyn Balchan Paladino,302041,https://www.psychologytoday.com/us/therapists/new-jersey/302041
Stephani Pelly,963983,https://www.psychologytoday.com/us/therapists/new-jersey/963983
Phyllis Sandrock,848753,https://www.psychologytoday.com/us/therapists/new-jersey/848753
Gricel Mello,835186,https://www.psychologytoday.com/us/therapists/new-jersey/835186
Gali G Goodman,720289,https://www.psychologytoday.com/us/therapists/new-jersey/720289
Heike Zelnhefer,379974,https://www.psychologytoday.com/us/therapists/new-jersey/379974
Daniela LaValva,915958,https://www.psychologytoday.com/us/therapists/new-jersey/915958
Laura Hannifan,878104,https://www.psychologytoday.com/us/therapists/new-jersey/878104
Zenobia Lee-Briggs,240418,https://www.psychologytoday.com/us/therapists/new-jersey/240418
Nell T Jackson,43862,https://www.psychologytoday.com/us/therapists/new-jersey/43862
Hilary Scheer,381968,https://www.psychologytoday.com/us/therapists/new-jersey/381968
"Counseling Over Coffee, LLC Nichole LaBollita",471129,https://www.psychologytoday.com/us/therapists/new-jersey/471129
Harriet Achtentuch,753249,https://www.psychologytoday.com/us/therapists/new-jersey/753249
Susan Rovello,91640,https://www.psychologytoday.com/us/therapists/new-jersey/91640
Kevin Poley,713374,https://www.psychologytoday.com/us/therapists/new-jersey/713374
Ralph G. Cuseglio,97196,https://www.psychologytoday.com/us/therapists/new-jersey/97196
Natasha Haroon,794287,https://www.psychologytoday.com/us/therapists/new-jersey/794287
Dorothy Alexander,820309,https://www.psychologytoday.com/us/therapists/new-jersey/820309
Tara Roberts,355217,https://www.psychologytoday.com/us/therapists/new-jersey/355217
"Emel L. Erel, Psy.D.",77545,https://www.psychologytoday.com/us/therapists/new-jersey/77545
Batsheva Hofman,874027,https://www.psychologytoday.com/us/therapists/new-jersey/874027
"Allison S Stanton, LCSW, LLC",126950,https://www.psychologytoday.com/us/therapists/new-jersey/126950
Anthony Zazzarino,387992,https://www.psychologytoday.com/us/therapists/new-jersey/387992
Sheila Reinoso-Jimenez,776710,https://www.psychologytoday.com/us/therapists/new-jersey/776710
Briana Falco,944197,https://www.psychologytoday.com/us/therapists/new-jersey/944197
Nesrin Hisli Sahin,371917,https://www.psychologytoday.com/us/therapists/new-jersey/371917
Farah Chery,957974,https://www.psychologytoday.com/us/therapists/new-jersey/957974
My Therapy Connection™,855045,https://www.psychologytoday.com/us/therapists/new-jersey/855045
Kimberlee VanBurch,120725,https://www.psychologytoday.com/us/therapists/new-jersey/120725
Rick Yaverbaum,45211,https://www.psychologytoday.com/us/therapists/new-jersey/45211
Linda Voogd,177245,https://www.psychologytoday.com/us/therapists/new-jersey/177245
Living & Looking Within Counseling & Play Therapy,399803,https://www.psychologytoday.com/us/therapists/new-jersey/399803
Ryo Maruyama,420162,https://www.psychologytoday.com/us/therapists/new-jersey/420162
"Max Laffend:  Couples, Adults, LGBTQ",703160,https://www.psychologytoday.com/us/therapists/new-jersey/703160
Kathleen Little,137993,https://www.psychologytoday.com/us/therapists/new-jersey/137993
Stephanie Englander,402377,https://www.psychologytoday.com/us/therapists/new-jersey/402377
Donald Recupido M Ed.,270012,https://www.psychologytoday.com/us/therapists/new-jersey/270012
Joellyn Ross,42905,https://www.psychologytoday.com/us/therapists/new-jersey/42905
Minister Rekishia McMillian Christian Health Coach,315052,https://www.psychologytoday.com/us/therapists/new-jersey/315052
Aayesha Alvi,942277,https://www.psychologytoday.com/us/therapists/new-jersey/942277
Tatyana Tsenter,59479,https://www.psychologytoday.com/us/therapists/new-jersey/59479
Ryan Lansdell,138824,https://www.psychologytoday.com/us/therapists/new-jersey/138824
"Hughes Integrative Wellness, Inc.",484895,https://www.psychologytoday.com/us/therapists/new-jersey/484895
Rachel Michelle Feldman,742248,https://www.psychologytoday.com/us/therapists/new-jersey/742248
Don L. De Lapp,705520,https://www.psychologytoday.com/us/therapists/new-jersey/705520
LaTonya White,134707,https://www.psychologytoday.com/us/therapists/new-jersey/134707
Dawn Cheetham,83588,https://www.psychologytoday.com/us/therapists/new-jersey/83588
Melyssa Totten,950646,https://www.psychologytoday.com/us/therapists/new-jersey/950646
Beth Peritz,312134,https://www.psychologytoday.com/us/therapists/new-jersey/312134
"Counseling & Consulting, NJ",493192,https://www.psychologytoday.com/us/therapists/new-jersey/493192
Margaret J Schneider,284073,https://www.psychologytoday.com/us/therapists/new-jersey/284073
Amy Johnson,931089,https://www.psychologytoday.com/us/therapists/new-jersey/931089
Jenna Welsh,704080,https://www.psychologytoday.com/us/therapists/new-jersey/704080
Kimberly Gosnell,826672,https://www.psychologytoday.com/us/therapists/new-jersey/826672
Victor Aaron Calderon,466556,https://www.psychologytoday.com/us/therapists/new-jersey/466556
Monica J Indart,62347,https://www.psychologytoday.com/us/therapists/new-jersey/62347
Pei-Chen Hsu,937859,https://www.psychologytoday.com/us/therapists/new-jersey/937859
Maureen Clancy,342172,https://www.psychologytoday.com/us/therapists/new-jersey/342172
Roberta Sloan,208428,https://www.psychologytoday.com/us/therapists/new-jersey/208428
My Therapy Connection,917710,https://www.psychologytoday.com/us/therapists/new-jersey/917710
Collette Crines,361481,https://www.psychologytoday.com/us/therapists/new-jersey/361481
Michelle Rullo,861243,https://www.psychologytoday.com/us/therapists/new-jersey/861243
Tara McDonough,859452,https://www.psychologytoday.com/us/therapists/new-jersey/859452
Yarlie M. Burdette,862745,https://www.psychologytoday.com/us/therapists/new-jersey/862745
James Wadley,922680,https://www.psychologytoday.com/us/therapists/new-jersey/922680
DBT at Village Counseling Services,203710,https://www.psychologytoday.com/us/therapists/new-jersey/203710
Desiree Medina,911328,https://www.psychologytoday.com/us/therapists/new-jersey/911328
Alejandra Montecinos,280533,https://www.psychologytoday.com/us/therapists/new-jersey/280533
Karyn Reader,21985,https://www.psychologytoday.com/us/therapists/new-jersey/21985
Eric S. Herschman,121852,https://www.psychologytoday.com/us/therapists/new-jersey/121852
Anna M Hudak,177958,https://www.psychologytoday.com/us/therapists/new-jersey/177958
Seaton Davis,401836,https://www.psychologytoday.com/us/therapists/new-jersey/401836
Debra Diaz,74534,https://www.psychologytoday.com/us/therapists/new-jersey/74534
Laura Depko,711283,https://www.psychologytoday.com/us/therapists/new-jersey/711283
Michael M Gindi,22132,https://www.psychologytoday.com/us/therapists/new-jersey/22132
Liana Ercan,895655,https://www.psychologytoday.com/us/therapists/new-jersey/895655
Allyson Brinson,870738,https://www.psychologytoday.com/us/therapists/new-jersey/870738
Lori Barnett,434813,https://www.psychologytoday.com/us/therapists/new-jersey/434813
Jamie Shapiro,920014,https://www.psychologytoday.com/us/therapists/new-jersey/920014
Karen Jacob,215305,https://www.psychologytoday.com/us/therapists/new-jersey/215305
Joseph Lee,736623,https://www.psychologytoday.com/us/therapists/new-jersey/736623
Sharon Buck,163214,https://www.psychologytoday.com/us/therapists/new-jersey/163214
Clyde Boucher,454010,https://www.psychologytoday.com/us/therapists/new-jersey/454010
Peter Quinton,964673,https://www.psychologytoday.com/us/therapists/new-jersey/964673
Reshma Stafford,418191,https://www.psychologytoday.com/us/therapists/new-jersey/418191
Marjorie B. Slass,770325,https://www.psychologytoday.com/us/therapists/new-jersey/770325
Janet Lichauco,784881,https://www.psychologytoday.com/us/therapists/new-jersey/784881
"Inner Purpose, LLC",957373,https://www.psychologytoday.com/us/therapists/new-jersey/957373
Dr. Paula S Wilson,310731,https://www.psychologytoday.com/us/therapists/new-jersey/310731
Lauren Pellizzi,266372,https://www.psychologytoday.com/us/therapists/new-jersey/266372
Robert Hake,832438,https://www.psychologytoday.com/us/therapists/new-jersey/832438
Maureen Gerald,99056,https://www.psychologytoday.com/us/therapists/new-jersey/99056
Richard Smith,958289,https://www.psychologytoday.com/us/therapists/new-jersey/958289
T Scott Carroll,175944,https://www.psychologytoday.com/us/therapists/new-jersey/175944
Alicia A. Williams,714658,https://www.psychologytoday.com/us/therapists/new-jersey/714658
Be Well Counseling & Consulting,179323,https://www.psychologytoday.com/us/therapists/new-jersey/179323
Allison Dorlen Pastor,87200,https://www.psychologytoday.com/us/therapists/new-jersey/87200
Psychological Services of NJ,451988,https://www.psychologytoday.com/us/therapists/new-jersey/451988
Private Practice,281861,https://www.psychologytoday.com/us/therapists/new-jersey/281861
Reuben E Gross,22048,https://www.psychologytoday.com/us/therapists/new-jersey/22048
Maplewood Counseling,44882,https://www.psychologytoday.com/us/therapists/new-jersey/44882
Baker Street Behavioral Health,861001,https://www.psychologytoday.com/us/therapists/new-jersey/861001
Clear Conscience Counseling,247842,https://www.psychologytoday.com/us/therapists/new-jersey/247842
Carol M Fahad-Lenzo,74657,https://www.psychologytoday.com/us/therapists/new-jersey/74657
Robyn Wilson,957118,https://www.psychologytoday.com/us/therapists/new-jersey/957118
Robyn Wilson,957118,https://www.psychologytoday.com/us/therapists/new-jersey/957118
Robert Mann,357581,https://www.psychologytoday.com/us/therapists/new-jersey/357581
Counseling Centers for Human Development,454797,https://www.psychologytoday.com/us/therapists/new-jersey/454797
"Aquarius Rising, LLC",929226,https://www.psychologytoday.com/us/therapists/new-jersey/929226
Jennifer Cella-Roe,452711,https://www.psychologytoday.com/us/therapists/new-jersey/452711
Monae McConnell,860506,https://www.psychologytoday.com/us/therapists/new-jersey/860506
Susan Saler,198702,https://www.psychologytoday.com/us/therapists/new-jersey/198702
Joshua Friedman,159342,https://www.psychologytoday.com/us/therapists/new-jersey/159342
LifeStance,951751,https://www.psychologytoday.com/us/therapists/new-jersey/951751
Darlene Lowry,192246,https://www.psychologytoday.com/us/therapists/new-jersey/192246
"Willow Tree Counseling Associates, LLC",32629,https://www.psychologytoday.com/us/therapists/new-jersey/32629
Psychological Services of NJ,345380,https://www.psychologytoday.com/us/therapists/new-jersey/345380
Lynn Mollick,53331,https://www.psychologytoday.com/us/therapists/new-jersey/53331
Robert Filocco,104200,https://www.psychologytoday.com/us/therapists/new-jersey/104200
Lindsay Wheeler,789936,https://www.psychologytoday.com/us/therapists/new-jersey/789936
Megan Lukany,325474,https://www.psychologytoday.com/us/therapists/new-jersey/325474
Susan Donnelly,160809,https://www.psychologytoday.com/us/therapists/new-jersey/160809
Katie Cartwright,893290,https://www.psychologytoday.com/us/therapists/new-jersey/893290
Healing Road Counseling Services,954379,https://www.psychologytoday.com/us/therapists/new-jersey/954379
Denise Lidovitch,774292,https://www.psychologytoday.com/us/therapists/new-jersey/774292
Aliza Mendel,215988,https://www.psychologytoday.com/us/therapists/new-jersey/215988
Deanne Fowler,282643,https://www.psychologytoday.com/us/therapists/new-jersey/282643
Mary Altonji,84310,https://www.psychologytoday.com/us/therapists/new-jersey/84310
Patricia A Delgaldo,79544,https://www.psychologytoday.com/us/therapists/new-jersey/79544
Kelly Willis,955767,https://www.psychologytoday.com/us/therapists/new-jersey/955767
John S. LoConte,258818,https://www.psychologytoday.com/us/therapists/new-jersey/258818
Stephanie Palmer,827117,https://www.psychologytoday.com/us/therapists/new-jersey/827117
Paul LaChance,180803,https://www.psychologytoday.com/us/therapists/new-jersey/180803
Bonnie Malajian LCSW,257300,https://www.psychologytoday.com/us/therapists/new-jersey/257300
Stacy M Hale,373154,https://www.psychologytoday.com/us/therapists/new-jersey/373154
Susan M. Cattermole,211939,https://www.psychologytoday.com/us/therapists/new-jersey/211939
Helen Holland Myers (Holly),895559,https://www.psychologytoday.com/us/therapists/new-jersey/895559
Gina Naumov,841995,https://www.psychologytoday.com/us/therapists/new-jersey/841995
Greater New Jersey Therapy Partners,853177,https://www.psychologytoday.com/us/therapists/new-jersey/853177
Christine Brandenburg,962190,https://www.psychologytoday.com/us/therapists/new-jersey/962190
Jenifer M Wilcher,328164,https://www.psychologytoday.com/us/therapists/new-jersey/328164
Shannon Pavas,964524,https://www.psychologytoday.com/us/therapists/new-jersey/964524
Scott W. Woerner,113076,https://www.psychologytoday.com/us/therapists/new-jersey/113076
Jonathan Huston-Wong,82403,https://www.psychologytoday.com/us/therapists/new-jersey/82403
Cynthia Chaanine Garrison,785059,https://www.psychologytoday.com/us/therapists/new-jersey/785059
Center for Counseling and Education LLC,238293,https://www.psychologytoday.com/us/therapists/new-jersey/238293
Linda Salta,747567,https://www.psychologytoday.com/us/therapists/new-jersey/747567
Paul M Lehrer,797677,https://www.psychologytoday.com/us/therapists/new-jersey/797677
Robynn Young,966031,https://www.psychologytoday.com/us/therapists/new-jersey/966031
Elizabeth Bracey,724695,https://www.psychologytoday.com/us/therapists/new-jersey/724695
Brooke Sweet,182506,https://www.psychologytoday.com/us/therapists/new-jersey/182506
Kristina Woung-Fallon,959543,https://www.psychologytoday.com/us/therapists/new-jersey/959543
Arthur Howard,725401,https://www.psychologytoday.com/us/therapists/new-jersey/725401
Leslie-Ann Fromen,352321,https://www.psychologytoday.com/us/therapists/new-jersey/352321
Kristy Castle,67243,https://www.psychologytoday.com/us/therapists/new-jersey/67243
Imani Smallwood,876842,https://www.psychologytoday.com/us/therapists/new-jersey/876842
Linda Lendman,275919,https://www.psychologytoday.com/us/therapists/new-jersey/275919
Terri Siclare,154347,https://www.psychologytoday.com/us/therapists/new-jersey/154347
Gabrielle Avitabile,454336,https://www.psychologytoday.com/us/therapists/new-jersey/454336
Laurel Colombo,913223,https://www.psychologytoday.com/us/therapists/new-jersey/913223
Kristen Jones,176228,https://www.psychologytoday.com/us/therapists/new-jersey/176228
Robert James Miller II,485134,https://www.psychologytoday.com/us/therapists/new-jersey/485134
Kerry Lane,352056,https://www.psychologytoday.com/us/therapists/new-jersey/352056
Jenny McCallion (Van Leuven),877236,https://www.psychologytoday.com/us/therapists/new-jersey/877236
Marie E Chece,127002,https://www.psychologytoday.com/us/therapists/new-jersey/127002
Caroline Pence,817270,https://www.psychologytoday.com/us/therapists/new-jersey/817270
Shauntele Peynado- Rogers,810074,https://www.psychologytoday.com/us/therapists/new-jersey/810074
Lisa LaBrunda,48227,https://www.psychologytoday.com/us/therapists/new-jersey/48227
Linda Schreiber,162598,https://www.psychologytoday.com/us/therapists/new-jersey/162598
Diana Cofsky,755447,https://www.psychologytoday.com/us/therapists/new-jersey/755447
Elizabeth J. Carroll,836371,https://www.psychologytoday.com/us/therapists/new-jersey/836371
Nick Wohlschlegel,923139,https://www.psychologytoday.com/us/therapists/new-jersey/923139
"Clinical Consultation Services, LLC",154416,https://www.psychologytoday.com/us/therapists/new-jersey/154416
Sage Psychotherapy Services,323635,https://www.psychologytoday.com/us/therapists/new-jersey/323635
Darah Manzione,440312,https://www.psychologytoday.com/us/therapists/new-jersey/440312
Alyssa Bressman,717826,https://www.psychologytoday.com/us/therapists/new-jersey/717826
Amy Eiten,388724,https://www.psychologytoday.com/us/therapists/new-jersey/388724
Katelyn Smith,868118,https://www.psychologytoday.com/us/therapists/new-jersey/868118
Melissa Appleby,951761,https://www.psychologytoday.com/us/therapists/new-jersey/951761
Nancy Arvizzigno,132280,https://www.psychologytoday.com/us/therapists/new-jersey/132280
Simona Badger,371655,https://www.psychologytoday.com/us/therapists/new-jersey/371655
Farah Chery,957938,https://www.psychologytoday.com/us/therapists/new-jersey/957938
Anat Joseph,117491,https://www.psychologytoday.com/us/therapists/new-jersey/117491
Blake W. Jonas,837145,https://www.psychologytoday.com/us/therapists/new-jersey/837145
Lisa Ford Simpson,408450,https://www.psychologytoday.com/us/therapists/new-jersey/408450
Lisa Ford Simpson,408450,https://www.psychologytoday.com/us/therapists/new-jersey/408450
Yeraldin Sanchez,938595,https://www.psychologytoday.com/us/therapists/new-jersey/938595
PROV 205 Psychological Services - Group Practice,435857,https://www.psychologytoday.com/us/therapists/new-jersey/435857
Allison Guilbault,384006,https://www.psychologytoday.com/us/therapists/new-jersey/384006
Anthony R Federici,950259,https://www.psychologytoday.com/us/therapists/new-jersey/950259
Institute for Personal Growth -LGBTQ,167873,https://www.psychologytoday.com/us/therapists/new-jersey/167873
Roseann T. Shaiman,78800,https://www.psychologytoday.com/us/therapists/new-jersey/78800
Luke J Hayslip,804264,https://www.psychologytoday.com/us/therapists/new-jersey/804264
Chhaya N Maisuria,248246,https://www.psychologytoday.com/us/therapists/new-jersey/248246
Sarah Tronco,406561,https://www.psychologytoday.com/us/therapists/new-jersey/406561
Ann Rasmussen,175060,https://www.psychologytoday.com/us/therapists/new-jersey/175060
Zahida Nagy And Nina Nagy Somatic Associate,209492,https://www.psychologytoday.com/us/therapists/new-jersey/209492
Natalie Berrette,890891,https://www.psychologytoday.com/us/therapists/new-jersey/890891
"Angela Nasca Toto, Ph.D., LPC",214624,https://www.psychologytoday.com/us/therapists/new-jersey/214624
Jayne K Spengler,236037,https://www.psychologytoday.com/us/therapists/new-jersey/236037
Brie Niciewski,952046,https://www.psychologytoday.com/us/therapists/new-jersey/952046
Costenah Ward,953532,https://www.psychologytoday.com/us/therapists/new-jersey/953532
Dina P. Brue,138958,https://www.psychologytoday.com/us/therapists/new-jersey/138958
Robbie Conrad,111795,https://www.psychologytoday.com/us/therapists/new-jersey/111795
Hinda Winawer,98344,https://www.psychologytoday.com/us/therapists/new-jersey/98344
Lisa M Dittman,782531,https://www.psychologytoday.com/us/therapists/new-jersey/782531
Integrative Therapy Institute of NJ,858737,https://www.psychologytoday.com/us/therapists/new-jersey/858737
Courtney Graham,331222,https://www.psychologytoday.com/us/therapists/new-jersey/331222
Robin B Semel,191729,https://www.psychologytoday.com/us/therapists/new-jersey/191729
Dara Mastro,73213,https://www.psychologytoday.com/us/therapists/new-jersey/73213
Sandra Keller-Hojecki,221214,https://www.psychologytoday.com/us/therapists/new-jersey/221214
Judith Ferlise,79079,https://www.psychologytoday.com/us/therapists/new-jersey/79079
Brian P Croak,492157,https://www.psychologytoday.com/us/therapists/new-jersey/492157
Rafaella Keschner,388213,https://www.psychologytoday.com/us/therapists/new-jersey/388213
"The Light and The Lotus Counseling, LLC",943287,https://www.psychologytoday.com/us/therapists/new-jersey/943287
"Crystal Hawkins, Bouncing Back LLC",454301,https://www.psychologytoday.com/us/therapists/new-jersey/454301
Institute for Personal Growth-Freehold Office,393536,https://www.psychologytoday.com/us/therapists/new-jersey/393536
Sharon J Freedman,39435,https://www.psychologytoday.com/us/therapists/new-jersey/39435
Barbara E Neal,477430,https://www.psychologytoday.com/us/therapists/new-jersey/477430
Martha Hicks,56406,https://www.psychologytoday.com/us/therapists/new-jersey/56406
Richard Smith,958295,https://www.psychologytoday.com/us/therapists/new-jersey/958295
Farah Chery,965470,https://www.psychologytoday.com/us/therapists/new-jersey/965470
Ascending Wellness and Psychotherapy LLC,220065,https://www.psychologytoday.com/us/therapists/new-jersey/220065
Natalie Germoso,918296,https://www.psychologytoday.com/us/therapists/new-jersey/918296
Child & Teen Success Center,108209,https://www.psychologytoday.com/us/therapists/new-jersey/108209
Anthony Dimitrion,477123,https://www.psychologytoday.com/us/therapists/new-jersey/477123
Yvonne Hansen,262941,https://www.psychologytoday.com/us/therapists/new-jersey/262941
Felicity Ingram,890518,https://www.psychologytoday.com/us/therapists/new-jersey/890518
Cristina Monroy,192931,https://www.psychologytoday.com/us/therapists/new-jersey/192931
Bridget Anton,825525,https://www.psychologytoday.com/us/therapists/new-jersey/825525
Luciene (Lucy) Sant' Anna Takagi,120583,https://www.psychologytoday.com/us/therapists/new-jersey/120583
Letapel Inc,256723,https://www.psychologytoday.com/us/therapists/new-jersey/256723
Joe Mozino,785502,https://www.psychologytoday.com/us/therapists/new-jersey/785502
Karen Rosenfeld,137520,https://www.psychologytoday.com/us/therapists/new-jersey/137520
Hanisch Counseling Services,901091,https://www.psychologytoday.com/us/therapists/new-jersey/901091
Lisa Hunter Romanelli,282531,https://www.psychologytoday.com/us/therapists/new-jersey/282531
Jessica Decker,704644,https://www.psychologytoday.com/us/therapists/new-jersey/704644
Isabel Peixoto,800424,https://www.psychologytoday.com/us/therapists/new-jersey/800424
Travis Manrique,263318,https://www.psychologytoday.com/us/therapists/new-jersey/263318
"Keri Petrone, Psy.D., LLC",313808,https://www.psychologytoday.com/us/therapists/new-jersey/313808
Denise R Cooney-Zajkowski,51723,https://www.psychologytoday.com/us/therapists/new-jersey/51723
Melissa Lopreiato,952194,https://www.psychologytoday.com/us/therapists/new-jersey/952194
Maggie Masterton,366151,https://www.psychologytoday.com/us/therapists/new-jersey/366151
Beth's Practice,466580,https://www.psychologytoday.com/us/therapists/new-jersey/466580
Diana Vargas,843894,https://www.psychologytoday.com/us/therapists/new-jersey/843894
Diana Vargas,843894,https://www.psychologytoday.com/us/therapists/new-jersey/843894
Lillesol Kane,190452,https://www.psychologytoday.com/us/therapists/new-jersey/190452
Mary Renshaw,925752,https://www.psychologytoday.com/us/therapists/new-jersey/925752
Sarah Lipsky Morrison,812371,https://www.psychologytoday.com/us/therapists/new-jersey/812371
Kristina Chocolate,765344,https://www.psychologytoday.com/us/therapists/new-jersey/765344
Eli Nowak,405492,https://www.psychologytoday.com/us/therapists/new-jersey/405492
"Third Eye Therapy, LLC- Anu Myla, LCSW-R",728510,https://www.psychologytoday.com/us/therapists/new-jersey/728510
"Sara Kossove, LCSW",472428,https://www.psychologytoday.com/us/therapists/new-jersey/472428
Anne Blair,91926,https://www.psychologytoday.com/us/therapists/new-jersey/91926
Nicole Ann Cirigliano,102815,https://www.psychologytoday.com/us/therapists/new-jersey/102815
Ocean Counseling and Family Center,241444,https://www.psychologytoday.com/us/therapists/new-jersey/241444
Misty A Shores,296142,https://www.psychologytoday.com/us/therapists/new-jersey/296142
Joanne C Zullig,281143,https://www.psychologytoday.com/us/therapists/new-jersey/281143
"Paul D. Kreisinger, LCSW",240906,https://www.psychologytoday.com/us/therapists/new-jersey/240906
Julia Honigfeld,906692,https://www.psychologytoday.com/us/therapists/new-jersey/906692
Angela Klebanov Shusterman,879638,https://www.psychologytoday.com/us/therapists/new-jersey/879638
Kristine L Fredericksdorf,837923,https://www.psychologytoday.com/us/therapists/new-jersey/837923
Maryann Habib,848160,https://www.psychologytoday.com/us/therapists/new-jersey/848160
Wendy Hughes,329927,https://www.psychologytoday.com/us/therapists/new-jersey/329927
Brigitte Heffernan,48152,https://www.psychologytoday.com/us/therapists/new-jersey/48152
"Marc Panepinto, LCSW",125602,https://www.psychologytoday.com/us/therapists/new-jersey/125602
Brittany Battise,753454,https://www.psychologytoday.com/us/therapists/new-jersey/753454
Angela Furnari,345244,https://www.psychologytoday.com/us/therapists/new-jersey/345244
"Eric Fox LCSW, LLC.",350114,https://www.psychologytoday.com/us/therapists/new-jersey/350114
Cindy Hamilton,176741,https://www.psychologytoday.com/us/therapists/new-jersey/176741
Paula Bardales: Adults And Couples,870076,https://www.psychologytoday.com/us/therapists/new-jersey/870076
Silvina Falcon - Levine,458564,https://www.psychologytoday.com/us/therapists/new-jersey/458564
Orlando Alonso Calvo Cespedes,847556,https://www.psychologytoday.com/us/therapists/new-jersey/847556
Erica Hansen,297364,https://www.psychologytoday.com/us/therapists/new-jersey/297364
Chad Renshaw,911360,https://www.psychologytoday.com/us/therapists/new-jersey/911360
Jennifer A Jones,65698,https://www.psychologytoday.com/us/therapists/new-jersey/65698
Sal DiRico,840686,https://www.psychologytoday.com/us/therapists/new-jersey/840686
Jeanne Mahoney,112574,https://www.psychologytoday.com/us/therapists/new-jersey/112574
Leslie Becker-Phelps,35224,https://www.psychologytoday.com/us/therapists/new-jersey/35224
Barbara U Lamb,93192,https://www.psychologytoday.com/us/therapists/new-jersey/93192
Michele A. Sangiovanni,104147,https://www.psychologytoday.com/us/therapists/new-jersey/104147
Mary M Lloyd,710443,https://www.psychologytoday.com/us/therapists/new-jersey/710443
"Catherine Bianchi, Ph.D.",332851,https://www.psychologytoday.com/us/therapists/new-jersey/332851
Farfalle Psychotherapy And Mediation Services,435476,https://www.psychologytoday.com/us/therapists/new-jersey/435476
David Strauss,192986,https://www.psychologytoday.com/us/therapists/new-jersey/192986
Leore Faber,310340,https://www.psychologytoday.com/us/therapists/new-jersey/310340
Judy Derosena,913649,https://www.psychologytoday.com/us/therapists/new-jersey/913649
Dr. Sarah Mandel,303549,https://www.psychologytoday.com/us/therapists/new-jersey/303549
Nicole DeSantis,734639,https://www.psychologytoday.com/us/therapists/new-jersey/734639
Destiny Foster,853137,https://www.psychologytoday.com/us/therapists/new-jersey/853137
"Resolve Community Counseling Center, Inc",493447,https://www.psychologytoday.com/us/therapists/new-jersey/493447
Caren Chopak-Olaine,394662,https://www.psychologytoday.com/us/therapists/new-jersey/394662
Erin Robbins,337291,https://www.psychologytoday.com/us/therapists/new-jersey/337291
Danielle T Graddick,836223,https://www.psychologytoday.com/us/therapists/new-jersey/836223
John Badger,952659,https://www.psychologytoday.com/us/therapists/new-jersey/952659
Peter Cohen,189149,https://www.psychologytoday.com/us/therapists/new-jersey/189149
Hawa Koroma,937254,https://www.psychologytoday.com/us/therapists/new-jersey/937254
Resolution Point Behavioral Health,334177,https://www.psychologytoday.com/us/therapists/new-jersey/334177
Michelle Szwed,833023,https://www.psychologytoday.com/us/therapists/new-jersey/833023
Janet Browner,42183,https://www.psychologytoday.com/us/therapists/new-jersey/42183
Ana Pais,788010,https://www.psychologytoday.com/us/therapists/new-jersey/788010
Jackie Adams,141107,https://www.psychologytoday.com/us/therapists/new-jersey/141107
Stella Stempel,868305,https://www.psychologytoday.com/us/therapists/new-jersey/868305
Ricardo E Haber,379233,https://www.psychologytoday.com/us/therapists/new-jersey/379233
Aynur Fox / NUR Counseling LLC,230454,https://www.psychologytoday.com/us/therapists/new-jersey/230454
"Dr. Daniel Herrmann, Clinical Psychologist",864411,https://www.psychologytoday.com/us/therapists/new-jersey/864411
Judi Sargent,443637,https://www.psychologytoday.com/us/therapists/new-jersey/443637
Isabel De Master,309399,https://www.psychologytoday.com/us/therapists/new-jersey/309399
Suri Walles,280451,https://www.psychologytoday.com/us/therapists/new-jersey/280451
Paula Grande,897193,https://www.psychologytoday.com/us/therapists/new-jersey/897193
"Jamie L. Barry, LLC",200374,https://www.psychologytoday.com/us/therapists/new-jersey/200374
Miranda Aaron,85797,https://www.psychologytoday.com/us/therapists/new-jersey/85797
Rivi Katz,754098,https://www.psychologytoday.com/us/therapists/new-jersey/754098
"Richard J Lally, LCSW, LLC",751877,https://www.psychologytoday.com/us/therapists/new-jersey/751877
Harry Levin,107196,https://www.psychologytoday.com/us/therapists/new-jersey/107196
Christine Saba,293905,https://www.psychologytoday.com/us/therapists/new-jersey/293905
Elisabeth Coffey,427034,https://www.psychologytoday.com/us/therapists/new-jersey/427034
Child Play Therapy with a Family Connection,99338,https://www.psychologytoday.com/us/therapists/new-jersey/99338
Jean Hager,146975,https://www.psychologytoday.com/us/therapists/new-jersey/146975
"Melissa D. Holod, Ed.S., LPC",94339,https://www.psychologytoday.com/us/therapists/new-jersey/94339
FC Confidential Counseling LLC,846664,https://www.psychologytoday.com/us/therapists/new-jersey/846664
"Enriched Life Therapy, LLC",719421,https://www.psychologytoday.com/us/therapists/new-jersey/719421
Jeffrey Kleinberg,756868,https://www.psychologytoday.com/us/therapists/new-jersey/756868
Mariana S. Peralta,818802,https://www.psychologytoday.com/us/therapists/new-jersey/818802
"Synergy Counseling Services, LLC",711703,https://www.psychologytoday.com/us/therapists/new-jersey/711703
"Synergy Counseling Services, LLC",711703,https://www.psychologytoday.com/us/therapists/new-jersey/711703
John A. Urgola,220897,https://www.psychologytoday.com/us/therapists/new-jersey/220897
Alison Prince Hammonds,31916,https://www.psychologytoday.com/us/therapists/new-jersey/31916
Priscilla Morrison Neuropsychologist,797857,https://www.psychologytoday.com/us/therapists/new-jersey/797857
Phadadria M Randall,845470,https://www.psychologytoday.com/us/therapists/new-jersey/845470
Jennifer A Dyer,235662,https://www.psychologytoday.com/us/therapists/new-jersey/235662
Tahlia DeLorenzo,469957,https://www.psychologytoday.com/us/therapists/new-jersey/469957
Theresa Wray,841473,https://www.psychologytoday.com/us/therapists/new-jersey/841473
Arielle Treich,375778,https://www.psychologytoday.com/us/therapists/new-jersey/375778
Roberta Pughe,153148,https://www.psychologytoday.com/us/therapists/new-jersey/153148
"Susan St.Germaine, LCSW, LCADC",95743,https://www.psychologytoday.com/us/therapists/new-jersey/95743
Monique Swift,58524,https://www.psychologytoday.com/us/therapists/new-jersey/58524
Susan L Markowitz,51481,https://www.psychologytoday.com/us/therapists/new-jersey/51481
Jessica Giangrasso,891839,https://www.psychologytoday.com/us/therapists/new-jersey/891839
Barbara Kaplan-Barrett,177330,https://www.psychologytoday.com/us/therapists/new-jersey/177330
Mary Bruce-Kulcsar,833691,https://www.psychologytoday.com/us/therapists/new-jersey/833691
Stephani Pelly,958676,https://www.psychologytoday.com/us/therapists/new-jersey/958676
Lainie Hoffman,953031,https://www.psychologytoday.com/us/therapists/new-jersey/953031
Giovanna Coppola,707179,https://www.psychologytoday.com/us/therapists/new-jersey/707179
"Your Happy is You, LLC",713144,https://www.psychologytoday.com/us/therapists/new-jersey/713144
